labels,tweet
-1,trump membantah tuduhan joe biden menyerah menghadapi wabah virus corona trump bersikeras lonjakan pandemi akhir trump fokus pemerintahan beralih mitigasi vaksin terapi membasmi virus
-1,disuntik vaksin virus ganas shg resiko kematian virus mengenal zat mematikan shg virus corona mereplikasikan kuat ganas kali lipat varian
-1,mnrt ancaman pemerintah menjatuhkan denda berani menolak vaksin salah menekan penyebaran covid masyarakat patuh terkena denda mengurangi penyebaran viru
-1,sdr prof idiot keberatan vaksin bersumber ensim babi anjing silakan tunggu vaksin produksi kadal gurun arab vaksin kencing onta vaksin covid syar musni umar bersumber babi anjing
-1,vaksin orang covid vaksin virus dunia semenjak hidup virus berbahaya contohnya virus kedengkian virus kehancurnya ahklak bangsa
-1,kayaknya lepas parno covid taksiran gue sih muncul polemik vaksin korea puluhan mati kecuali organizer negara peduli nyawa rakyat duit amit amit sih moga jatuh korban nyawa manusia biar ekor berat tanggung bos
-1,sdr prof idiot keberatan vaksin bersumber ensim babi anjing silakan tunggu vaksin produksi kadal gurun arab vaksin kencing onta vaksin covid syar musni umar bersumber babi anjing
-1,vaksin melatih kekebalan tubuh melawan virus virus corona kenal kebal vaksin melatih tubuh kenal lawan kebal penyakit virus bakteri
-1,vaksin melatih kekebalan tubuh melawan virus virus corona kenal kebal vaksin melatih tubuh kenal lawan kebal penyakit virus bakteri
-1,temuan survei masyarakat divaksinasi virus corona menolak bingung divaksin menolak bingung terserah
-1,corona by mean plague and other virus deh wujud zaman ramai mati and dsbbkan xde vaksin now we all have this vaccine cegahkan trkena penyakit berbahaya caye conspiracy theory info ye blaja sains elok
-1,gua curiga vaksin corona beracun abistu mematikan usut usut ngurangin penduduk padat
-1,vaksin ilmu fakta sejarah metodanya china vaksin ranah mencegah penyakit non infeksi alergi kecanduan khawatir vaksin covid
-1,temuan survei masyarakat divaksinasi virus corona menolak bingung divaksin menolak bingung terserah
-1,suka membaca zaman takut nak membaca ramai golongan anti vaksin anti covid galak article
-1,alasan swasta bumn impor ancaman pidana menolak vaksin diimpor menumpuk tidakada divaksin mnrt mantemans lakukan vaksin covid masal rakyatnya
-1,berat menteri terawan konflik idi menteri sekrg nakes menolak divaksin kacau deh gagal tuh program vaksin covid dokt
-1,pisahin monitor kondisinya musim panleu feline corona penyakit kitten vaksin cek doyan makan lemes diare muntah salah gejala langsung cuss vet
-1,gelow edan sih akhir vaksin ampuh sih entar ragu menangkal corona penyakit efek samping nya juta gelow edan cuy lol
-1,pemerintah singapura menunda penggunaan vaksin influenza menghambat pandemi corona penundaan tindakan antisipasi kematian warga korea selatan suntikan vaksin flu
-1,coba nalar pemerintah kualitas vaksin corona rakyat dipaksa imunisasi massal prihatin tenaga medis mati masy logika mesti berjalan skandal proyek propaganda siti supari
-1,harap kenak corona jak golongan anti vaksin tok bebal tahan gaban nok golongan anti vaksin twitter tok kabut kaau bilem kak sekian
-1,eh anjir gue tuh orang nya parno an banget deh dnger virus mematikan kayak siang gue mikir corona tuh benarbenar sih gue santuy minum temn kelupaan bawa tempa minum kls tr
-1,gua sibuk ngebahas vaksin modalnya gua sih mendingan cari bijimana gua doyan makan nasi kucing campur toge goyang ubur ubur gua kebal corona
-1,ksna sklian sobek tuh mjlah charlie hebdo demo dipenerbitnya nambah kena covid pulng vaksin demo disana terserah pusing psbb ketat mulu kena covid didata bertambah kerja gaji dipotong stres imune mnrun
-1,virus covid memenjarakan masyarakat dunia vaksin anti virus membebaskannya
-1,setahu vaksin influenza virus mengendap tubuh badan fit virus bangkit tidakada edukasi salah vaksin influenza vak
-1,covid vaksin penyebaran cepat gejala bervariasi orang pandemi tbc obat vaksin penyebaran relatif lambat gejala orang endemi apple apple mas ok tbc bahaya konteks ya bahaya covid
-1,eh golongan anti covid covid konspirasi dajjal yahudi etc memalukan imej islam je tula golongan anti vaksin agenda dajjal yahudi
-1,bingung perasaan biologi dasar ya vaksin covid dianggep konspirasi pemerintah sakit disuruh vaksin woy targetnya sakit
-1,kewajiban negara melindungi warganya sakit covid dirimu beresiko menularkan sakit kanker vaksin bos sakit mu
-1,dunia berlomba lomba menyelesaikan pembuatan vaksin covid mitos vaksin imunisasi beredar mitos menyebabkan masyarakat takut enggan vaksinasi
-1,buzzer menetes idiot malas buka portal news valid idiot total
-1,guysss first time jumpa orang anti vaksin irl kawan anti vaksin suruh baca konspirasi covid kat ig faizal osman baca sikit deh pelik geng anti vaksin
-1,hidup hiduplah simple takyah sakit otak nak pikir berat berat pasal covid konspirasi vaksin agenda yahudi takde nak pikir rilek lansung
-1,covid brakhir zaman nabi wabah thoun penyakit mematikan subhanallah tidakada vaksin wabah penyakit hilang hai kesabaran save from home
-1,eeeee wujud malaysia orang indak percaya covid sizzz vaksin development kes ramai mati semut kaitu mati iluminati tipu kak
-1,sok outside there still not believe covid wujud punca kematian meningkat kau mesti puak puak antivaksin semoga tuhan penyakit covid kau kau sedar kau insan bodoh okay done
-1,negara kayak nya belajar sains manusia vaksinasi kocak korsel mewajibkan masyarakatnya vaksinasi influenza vaksin covid aduh goblok anjing dunia sih gila gila sakit jiwa tidur ah
-1,golongan anti vaksin anti covid degil gila nak mampos ajek padehal info google xtau google pn yahudi sedih betol
-1,anggota masyarakat mengerti upaya pemerintah menghambat penyebaran covid mencari vaksin dicela diejek diributkan aplg tidakada upaya samasekali diributkan anggota memanfaa
-1,els insight bom iklim akibat pelemahan corsia meluasnya penyebaran virus covid melemahkan perekonomian dunia bentuk vaksin membangkitkan perekonomian langkah diambil
-1,vaksin keamanan artibya orang sakit diperiksa tes kalausakit diobati sakit dikarantina agartdk menyebar virus kontaknya dilacak memutus mata rantai virus covid
-1,kesian sakinah follow this case since ramai anti vaksin sakinah geng doula huh seram baca komen anti vaksin fb adek depa covid propagnda media nk tkutkn rkyt wat the
-1,kebiasaan paksaan vaksinasi vaksinasi orang langsung kebal habis vaksin angka covid kegagalan vaksin nya kegagalan kontrol prilakunya
-1,pelakon zul yahya geng anti vaksin terjumpa posting kat fb kena tipu covid kat komen ramai giler geng anti vaks back up even covid betoi habis kena hentam
-1,gedung putih anggap covid penyakit flu anggap kematian ratusan ribu warga as ditekankan efek serangan wabah influence rasis gedung putih membuyarkan politik reformasi ekonomi ln penanganan vaksin cov
-1,menyalahkan pemerintah terpapar virus corona warga ya kena covid salahkan pemerintah vaksin pemprov banten berupaya mengendalikan menekan covid
-1,lupa vaksin corona ya bong wkwkwk kejang kejang
-1,mengerikan usulan bayangkan orang terpapar corona meninggal vaksin orang meninggal terpapar peringatkan pemerint
-1,antivirus vaksinnya corona virus tipe kena tipe mati ya vaksinnya kali varian virus kasih vaksin negara uang negara
-1,vaksin tergesagesa kompleks persepsi masyarakat komunikasinya kurangbaik kejadian kayak undang undang cipta kerja jokowi
-1,hoax menyebarkan kebohongan pembuktian mobil esemka terjual tidakada mobil esemka temui pembuktian namanya perdebatan vaksin corona mengandung babi diteliti bis
-1,bayangkan dad pandemi tibatiba isu virus corona dihitung diteliti dibuatin vaksin masuk angin
-1,anies angka penularan kematian akibat virus corona semangkin lepas psbb psbb transisi bioskop buka libur orang bebas liburan pakai himbauan takut
-1,rrcina produsen kapitalis memacu pembuatan vaksin wuhanflu corona dunia menerapkan vaksin massal wuhanflu rakyat nya rekayasa konspirasi lantas memaksa rakyat nya vaksin wuhanflu corona
-1,polemik duluan disuntik vaksin corona sinovac relawan bersedia divaksin berani mati uji klinis manusia pastikan keamanan vaksin dosisnya pencegahan virus corona membunuh relawannya
-1,good good indak pusing memikirkan corona obat cespleng entar flu obat sembuh titik vaksin kayak takut kena corona miskin indak banget
-1,keamanan vaksin corona uji klinik fase fase fase tim peneliti fase china fase bandung subyek diimunisasi bandung tidakada keluhan berat
-1,vaksin vital membasmi virus corona vaksin tubuh kebal penyakit orang kebal penyakit resiko penyebarannya
-1,keamanan vaksin corona uji klinik fase fase fase subjek tidakada keluhan berat
-1,cnn cari trafficnya parah banget ya kalimat pertamanya pemerintah amerika serikat mengumumkan mengendalikan pandemi virus corona fokus pengadaan vaksin virus
-1,sih tidakperlu denda krisis moneter dialami masyarakat menengah kebawah parah pemerintah menutupi pengeluaran dana percobaan vaksin corona
-1,terkena virus corona rakyat daerah zona hijau disuntikan vaksin virus corona dilemahkan
-1,tim peneliti pengujian keamanan vaksin corona uji klinis fase fase china fase bandung subjek imunisasi tidakada keluhan berat
-1,keamanan vaksin corona uji klinis fase fase fase subjek tidakada keluhan berat
-1,vaksin corona uji klinis fase fase tidakada alasan meragukan keamanan vaksinnya
-1,keamanan vaksin corona uji klinik phase phase phase relawn menjalankan vaksin corona tidakada keluhan berat
-1,darurat corona bohong bohong vaksin nya belumselesai ya
-1,informasi komunikasi vaksin covid tidaktegas transparan dikhawatirkan menimbulkan kebingungan masyarakat ilmuwan
-1,orang disuntik vaksin covid tahap tidakada gejala mengkhawatirkan
-1,covid agenda yahudi illuminati rakyat je sop cuba family kau kena covid kau tengok mata kau terlantar katil kes ah kes vaksin bidah konon hok allah je sop susah
-1,vaksin covid diundur presiden november kendalikan kerusuhan chaos mati sehabis vaksinasi orang orang kabinet padamkan chaos relawan nya relawan padamkan chaos upaya seret bawa jkw arus kanan ngeri
-1,masyarakat tidakperlu meragukan manfaat vaksin covid jaga dirimu kovid masyarakat tidakperlu ragu
-1,masyarakat takut suntik vaksin covid diharapkan masyarakat takut disuntik vaksin virus covid
-1,masyarakat takut suntik vaksin covid diharapkan masyarakat tidakperlu takut disuntik vaksin
-1,indoneisa mengalami pandemi covid menyebabkan banyaknya jatuh korban salah upaya pemerintah penggunaan vaksin import ketersediannya pemerintah berencana vaksin nih
-1,orang mati tabrakan dikalim covid tidakmungkin orang mati tabakan diklaim akibat vaksin pertanyaannya siapkah tim komunikasi presiden siapkan kominfo
-1,orang mati tabrakan dikalim covid tidakmungkin orang mati tabakan diklaim akibat vaksin pertanyaannya siapkah tim komunikasi presiden siapkan kominfo
-1,orang mati tabrakan dikalim covid tidakmungkin orang mati tabakan diklaim akibat vaksin pertanyaannya siapkah tim komunikasi presiden siapkan kominfo
-1,pasukan sosmed khilafah cendana cikeas orang mati tabrakan dikalim covid tidakmungkin orang mati tabrakan diklaim akibat vaksin
-1,kadar kematian disbbkn vaksin kadar kematian covid allah rasulullah prescribe ubat vaksin penyakit dunia perkataan allah rasulullah who not going be fool
-1,gue curiga vaksin covid cina bahaya mskipun gue tenaga medis kecurigaan gue hilang
-1,modus rakyat susah dipalak diperas minyak dunia harganya anjlok rakyat beli harga vaksin covid harga diluar negeri murah rakyat dikenakan harga
-1,mananya menyangkal cvd permainan elit wallahualam menyangkal cvd orang orang kena meninggal urusa
-1,faham ramai triggered pergi mall yes pkpb mall still buka sok salah pergi mall kau kene terima covid virus kau kena hadap selagi jumpa vaksin
-1,menyalahkan pemerintah terpapar virus corona warga ya kena covid salahkan pemerintah vaksin pemprov banten berupaya mengendalikan menekan covid
-1,sibuk membahas vaksin covid memakai masker mahal dijangkau masyarakat kelas menengah takut kena covid takut penerima vaksin berlagak memikirkan nyawa rakyat sampah banget
-1,wadoooh kadung kenak covid diwajibpin kudu beli obat nya vaksin manah kimia farma obat covid dibrandol rp jutah perbijik pil sik namanya creeping genocide alias genosida merangkak rakyat miskin terpapar covid dimarih
-1,kopit mematikan berbahaya menteri pejabat presiden berebut disuntik vaksin
-1,barang barang uang kaum kafir haram ya vaksin covid ha ha ha ha kaum munafik
-1,bermain harga vaksin penderitaan rakyat penghianat bangsat hukum seumur hidup hukuman mati tiongkok bantah harga vaksin covid beda fadli zon ratusan ribu brasil rp ribu
-1,kabar relawan uji klinis vaksin covid relawan mendadak mati persatu disuntik vaksin korea selatan panik
-1,pakai masker kau denda vaksin kau penjara takut covid kau diskriminasi kau kah bumi kau pemerintah
-1,covid bisnis keji terlaknat jalankan pemerintah bukti nyata pemerintah memaksa rakyat uji coba vaksin bukti nyata lakukan bisnis vaksin laku keras pasaran manusia te
-1,bingung susah sih semoga mengusir sih covid
-1,covid agenda yahudi vaksin penyakit dibotolkan membunuh manusia saiz purata zakar lelaki melayu inci let that sink
-1,diuji coba hewan manusia vaksin darimana obat parah vaksin covid sinovac lolos uji klinis fase relawan demam pusing
-1,obat tb salah tertinggi penanganan penyakit menular sebatas obat vaksin covid orang ibadah histeria pandemi gue bilang histeri
-1,berita profesor terinfeksi ulang covid seru judul anti herd immunity isinya bilang vaksin recombinant adenoviral vector berulang kali tubuh imun thd vaksin imun covid mending sinovac
-1,sakit jantung bce malaysia ramai anti vaksin percaya doula percaya covid illuminati nk menyesat otak letak muka
-1,lepas payah nak peliklah lambat makbul doa dipercepatkan vaksin covid ya selagi setan berperangai berleluasa
-1,percaya orite orite tengok cuba ye anti vaksin covid pon kau propaganda berpeluh frontliner pakai ppe swab test kau propaganda melampau
-1,vaksin covid cina pakai trypsin protein pankreas babi haram vaksin covid pakai trypsin cina babi dimakan gue lampirin buktinya
-1,diorang terpengaruh on ig faizul sman duk sebarkan dakyah covid freemason illuminati vaksin dna babi zaman rasulullah sakit bekam je sembuh penyakit
-1,member ramai deh bertukar geng anti vaksin sjak covid taksub konspirasi haha
-1,there is ig acc that sotry covid agenda who illuminati pastu vaksin sbenarnya buatkan orang mati apalah anti vaxx and taksub ngan konspirasi iluminati
-1,oh percaya covid gelar anti vaksin anjay kecelaruan maklumat nya anti vaksin anti covid
-1,covid virus rna virus hatihati fenomena adek antibody dependent enhancement vaksin virus ganas dbd korban nyawa philippine scientists ber hatihati adek virus rna hiv dbd prinsipnya hatihati
-1,you vaksin proses prosedur vaksin cairan protein penderita covid hidup mati lemahkan tarungkan virus covid
-1,jantan isu covid isu mengarut kah kah kah anti vaksin anjir
-1,hoax jurus mematikan membungkam rakyat berpendapat rakyat curiga pengadaan vaksin covid mega korupsi ktp rakyat berhak tau harga vaksin covid
-1,ya allah sok glad came from educated family imagine my family anti vaksin percaya konspirasi theory covid agenda yahudi ya allah
-1,faizul osman faham covid orang fahaman kobis agenda je like demam and mainan freemason iluminati takleh brain weyh highlight part vaksin and micheal jackson mati percaya vaksin bodoh
-1,sih zon debat kusir ya didebat kalah malu ngimbangi debat mutu sih zon harga vaksin sinovac zon percaya berita bohong
-1,vaksin flu korban meningal entar vaksin covid skalanya membahayakan henmm vaksin hiv membahayakan th nemu vaksinya obatnya vaksin covid cuman th wow jangal sekalieeeee teman pintarrr
-1,karno vaksin vaksin covid virus dimatikan vaksin tidakada efeknya relawan disuntik virus mati tambahan bahan ya aman
-1,msg msg motivasi pribadi percaya motivasinya uang pro protokol covid anti curiga demo turun ketakutan jiwa sakit cur
-1,yth nya sosialisasikan kegunaan kehalalan zat terkandung vaksin anti virus covid sosmed masyarakat khawatir hoax resah november wacana laksanakn vaksinasi sehat
-1,jaga dirimu kovid awas hoax akun facebook echa irma suawe melayangkan narasi cvd ganas flu narasi berasal aliansi dokter dunia eropa menolak vaksin prokes
-1,menyusahkan rakyat berenti kejap mainan korang covid deh takde vaksin deh merata korang sambung berperang kerjasama cari terbaik berkhidmat rakyat menuntut kluster prn sabah diisytiharkan
-1,kang emil kumaha kang emil jarang kali turun kota bandung beda ya jaman walikota rajin turun kang odet bekas masker covid orang orang buang sembarangan ngeri wila
-1,menolak vaksin divaksin dicap kriminal membahayakan nyawa orang tertularnya virus covid positif gejala
-1,peduli politician anwarkau abahkau atukkau apekkau korang je menyusahkan rakyat berenti kejap mainan korang covid takde vaksin deh merata korang sambung berperang
-1,peduli politician anwarkau abahkau atukkau apekkau korang je menyusahkan rakyat berenti kejap mainan korang covid takde vaksin deh merata korang sambung berperang
-1,peduli politician anwarkau abahkau atukkau apekkau korang je menyusahkan rakyat berenti kejap mainan korang covid takde vaksin deh merata korang sambung berperang
-1,peduli politician anwarkau abahkau atukkau apekkau korang je menyusahkan rakyat berenti kejap mainan korang covid takde vaksin deh merata korang sambung berperang
-1,peduli politician anwarkau abahkau atukkau apekkau korang je menyusahkan rakyat berenti kejap mainan korang covid takde vaksin deh merata korang sambung berperang
-1,peduli politician anwarkau abahkau atukkau apekkau korang je menyusahkan rakyat berenti kejap mainan korang covid takde vaksin deh merata korang sambung berperang
-1,berdasarkan riset oranggila terinfeksi covid vaksin riklona calmlet menangkal covid coz menjamah oranggila
-1,cnn trans tv vaksin covid membahayakan alih alih mengebalkan sukar kekebalan virus covid virus hiv ebola
-1,menolak vaksin covid gagal menyembuhkan rakyat maukah pemerintah ri gantirugi rp miliar salah vaksin cc
-1,tidakaman uji klinik vaksin covid dihentikan
-1,vaksin latih tubuh kenal lawan kebal penyakit
-1,memproduksi vaksin virus corona bergantung negara bahan baku vaksin virus corona
-1,pemerintah berencana memproduksi vaksin virus corona bergantung negara bahan baku vaksin virus corona mantul banget
-1,pemerintah berencana memproduksi vaksin virus corona bergantung negara bahan baku vaksin virus corona
-1,salah upaya pemerintah menanggulangi virus corona impor vaksin pemerintah berencana
-1,ilmuwan vaksin virus corona bids ganas
-1,nak vaksin corona virus berjaya diwujudkan adakah golongan antivaksin menolak vaksin corona virus
-1,publik mengalami kecemasan lantaran corona pemerintah korea selatan mendesak warganya mengikuti vaksinasi flu
-1,menghentikan virus corona vaksin butuh bahan cerita menghentikan isu hoax
-1,pandemik apak vaksin efisien membunuh virus corona
-1,ya ampun demo postif corona bertambah mati menunggu vaksin
-1,papa ngomel gue bilang berita anak putin meninggoy gara gara vaksin corona hoax kelar kelas ngomelnya ampun
-1,semalam mengobrol salah teman tni statement heran beliau wisma atlet jaga ketat aparat ya tni salah obyek uji coba vaksin corona ya ku tersenyum mendengarnya
-1,jusuf kalla wabah corona reda ketersediaan vaksin salah penyebabnya
-1,stres ya jul entar kena corona lu vaksin mati
-1,tidaksetuju vaksin dipakai menerus dipakai sertifikasi digital ditangan tatto obat covid warga ri menolak divaksin corona negara gencar edukasi masyarakat
-1,corona berkeliaran bingung gue templokkin hilang lakukan protokol memakai masker mencuci tangan menjaga jarak menghindari kerumunan urusan vaksin entar
-1,tim riset uji klinis kandidat vaksin virus corona sinovac laporan lengkap hasil uji vaksin tahap ketiga biofarma juni
-1,online kayaknya aktif corona vaksin vaksin merata rakyat memakanwaktu
-1,delapan dibekap covid virus corona dunia membuka kegiatan langkah lepas dirilisnya vaksin produksi negara lna
-1,suntik mentri takut corona rakyat takut corona paksa vaksin
-1,tajuk utama kerja vaksin virus corona tubuh vaksin covid brbeda vaksin vaksin bahan produk mnghasilkan sistem imun penyakit
-1,kerja vaksin virus corona vaksin lainx vaksin covid mrangsang sistem imunitas mmbuat zat kekebalan tubuh antibodi brtahan zat mlawan antigen patogen virus corona covid masuk tubuh
-1,anjir lo tau sih postan kegunaan vaksin corona blablabla akun sebelah gua reply takut zombi akunnya tbtb suspend
-1,vaksin virus corona covid hasil pengembangan lembaga biomolekuler eijkman ditargetkan rampung pertengahan vaksin bernama merah putih dikembangkan eijkman strain virus corona
-1,gunanya akal sih zonk pakai akal main framing jahat berita tidakakurat btw biofarma bantah
-1,vaksin menjaga daya tahan tubuh infeksi virus corona rto
-1,guru fakultas kedokteran universitas padjajaran unpad cissy rachiana sudjana mengaku membutuhkan relawan uji klinis vaksin virus corona covid cissy uji coba vaksin membutuhkan puluhan ribu relawan
-1,bgst fyp gue vaksin corona gagal woy anjim mama papa gue nya divaksin gue takut
-1,kabar teman singapura menunda penggunaan vaksin influenza menghambat pandemi corona
-1,percaya corona corona permainan pemerintah isu virus corona ladang bisnis pemerintah biarkan pemerintah mengomong vaksin mulut nya berbusa
-1,vaksin virus corona covid hasil pengembangan lbm eijkman ditargetkan selesai pertengahan vaksin bernama merah putih dikembangkan eijkman strain virus corona
-1,metode keenam universitas metode menyuntikkan dna virus corona tubuh memicu respons kekebalan vlp metode menggabungkan protein struktur virus utama vaksin bb
-1,orang kali suntik vaksin tujuan mencap kekebalan virus corona
-1,metode keenam universitas metode menyuntikkan dna virus corona tubuh memicu respons kekebalan vlp metode menggabungkan protein struktur virus utama vaksin sih
-1,universitas metode menyuntikkan dna virus corona tubuh memicu respons kekebalan vlp metode menggabungkan protein struktur virus utama vaksin rto
-1,uji klinis tahapan bpom vaksin aman vaksin virus corona diproduksi massal vaksin menjaga daya tahan tubuh infeksi virus corona
-1,uji klinis tahapan bpom vaksin aman vaksin virus corona diproduksi massal vaksin menjaga daya tahan tubuh infeksi virus corona
-1,universitas metode menyuntikkan dna virus corona tubuh memicu respons kekebalan vlp metode menggabungkan protein struktur virus utama vaksin
-1,vaksin virus covid hasil pengembangan lembaga biomolekuler eijkman ditargetkan rampung pertengahan vaksin bernama merah putih dikembangkan eijkman strain virus corona
-1,uji klinis tahapan bpom vaksin aman vaksin virus corona diproduksi massal vaksin menjaga daya tahan tubuh infeksi virus corona
-1,universitas metode menyuntikkan dna virus corona tubuh memicu respons kekebalan vlp metode menggabungkan protein struktur virus utama vaksin
-1,vaksin menjaga daya tahan tubuh infeksi virus corona
-1,uji klinis tahapan bpom vaksin aman vaksin virus corona diproduksi massal vaksin menjaga daya tahan tubuh infeksi virus corona
-1,pengalaman bangsa riset produksi teruji mandiri vaksin anti virus corona nama vaksin merah putih
-1,vaksin virus corona hasil pengembangan lembaga biomolekuler eijkman ditargetkan rampung vaksin covid bernama vaksin merah putih strain virus corona
-1,vaksin virus covid hasil pengembangan lembaga biomolekuler eijkman ditargetkan rampung pertengahan vaksin bernama merah putih dikembangkan eijkman strain virus corona
-1,vaksin virus corona hasil pengembangan lembaga biomolekuler eijkman ditargetkan rampung pertengahan vaksin bernama merah putih dikembangkan eijkman strain virus corona
-1,keamanan vaksin corona tim peneliti fase fase china fase bandung subjek bandung diimunisasi kali kali tidakada keluhan
-1,vaksin virus covid hasil pengembangan lembaga bio molekuler eijkman targetkan rampung pertengahan vaksin bernama merah putih kembangkan eijkman strain virus corona
-1,meragukan ketakutan ya keamanan vaksin corona lihat uji klinik fase tim peneliti melaukan uji klinik fase china fase bandung subjek bandung imunisasi
-1,presiden joko widodo erick thohir strategi komunikasi publik distribusi vaksin virus corona menghindari disinformasi berita hoax vaksin corona
-1,relawan divaksin meninggal ngotot dibilang gagal
-1,virus hiv aids mers sars zika umurnya belasan tua virus corona vaksinnya temukan lo percaya vaksin corona temukan lo kelinci percobaan vaksi
-1,uu sebutkan rakyat berhak penjelasan terkesan buru kayak kejar tayang diteken presiden dibeli rakyat pemerintah buka toko obat virus hiv nemu vaksin jitu virus mers sar
-1,logika deh corona berbahaya mematikan pejabat pejabat berebut vaksin menyuruh rakyat divaksin kah pejabat contoh
-1,minggu bahas isu vaksin virus corona rilis akhir mahal ya jagak friends harga vaksin menangkal pandemi
-1,vaksin covid gratis berbayar warga negara terkena dampak covid memprotes keras vaksin corona berbayar
-1,herd immunity memutus mata rantai penyebaran virus vaksin corona diharapkan menciptakan kekebalan didlm tubuh seseorg terhdp virus
-1,keamanan vaksin corona terbukti uji klinis hasilnya uji coba bandung tidakada keluhan berat aman deh
-1,keamanan vaksin corona uji fase peneliti hasilnya smapai tidakada keluhan untik
-1,tim inspektur bpom melaksanakan inspeksi industri pembuatan vaksin virus corona tiongkok
-1,vaksin corona sbnrnya malas bengkaknya habis disuntik sakit banget habis vaksin panas
-1,serius vaksin corona virus kah
-1,masyarakat tidakperlu takut vaksin covid
-1,kepekaan korea selatan sukses menangani covid sebentar musim dingin wabah flu merajalela
-1,andai nya negara produksi vaksin covid prancis apapun vaksin cina dipesan layak ditunggu kelanjutannya konsisten menolak betapa bahagianya gerombolan anti cina benaran menolak vaksin
-1,daus golongan percaya covid konspirasi dunia daus geng anti vaksin
-1,vaksin latih tubuh kenal lawan kebal penyakit
-1,vaksin nama menanggulangi covid vaksin bertujuan melatih kekebalan tubuh antibodi memusnahkan virus
-1,pembuatan vaksin diharapkan terpenuhinnya kebutuhan vaksin rakyat terkecuali virus covid
-1,vaksin nama menanggulangi covid vaksin bertujuan melatih kekebalan tubuh antibodi memusnahkan virus
-1,pembuatan vaksin diharapkan menangani krisis kesehatan krisis ekonomi akibat covid
-1,vaksin nama menanggulangi covid vaksin bertujuan melatih kekebalan tubuh antibodi memusnahkan virus
-1,masyarakat takut suntik vaksin covid diharapkan masyarakat takut disuntik vaksin
-1,vaksin bernama menanggulangi covid vaksin memiliki tujuan melatih kekebalan tubuh antibodi memusnahkan virus
-1,anti vaksin dorang rancak fb weh kadang effect parents orang tau orang pikir covid nih takde usaha yahudi nak jatuh ekonomi negara islam ya allah
-1,webinar sesi membahas topik kupas tuntas seputar vaksin imunisasi akb menghadirkan narasumber bpom ri itagi satgas covid pb idi
-1,faktanya klaim salah sekjen mui anwar abbas oktober mui membahas vaksin covid vaksin tahap uji klinis mui keluarkan fatwa putusan apapun terkaitnya
-1,hoaks akun facebook mengunggah video wawancara dokter spesialis penyakit rumah sakit phoenix medical group georgia carnie madej kandungan vaksin covid mengubah dna manusia genetik
-1,faktanya klaim salah sekjen mui anwar abbas oktober mui membahas vaksin covid vaksin tahap uji klinis mui keluarkan fatwa putusan apapun terkaitnya
-1,anti virus hiv teliti ditemukan khusus vaksin covid penelitian pengembangannya berjalan masif simultan institusi farmasi dunia
-1,menteri koordinator bidang perekonomian pembatalan pembelian vaksin astra zeneca sepenuhnya diputuskan astra zeneca salah kandidat
-1,timbulkan risiko berat izin darurat vaksin covid dicabut
-1,vaksin mencegah penyakit infeksi covid cina coronavac diuji klinis tahap akhir fase relawan bandung
-1,haritu viral someone merungkai pasal covid usha highlight someone update anak sakit lepas cucuk vaksin then menyesal usha fb jap elok je anak membesar sehat takde mati tetiba
-1,peru pemerintah peru menolak menandatangani perjanjian pembelian calon vaksin covid buatan astrazeneca plc inggris alasan peru menolak vaksin produksi astrazeneca
-1,takiri anti vaksin percaya covid covid illuminati takut covid takutlah tuhan khairudin takiri
-1,palatao kau bnde sial kau vaksin covid je haihh geram je
-1,menyambung premisnya relawan vaksin covid brazil meninggal dikasih placebo meninggal korsel vaksin flu vaksin trial
-1,who skema vaksin bentuk dana kompensasi warga negara negara miskin menderita efek samping vaksin covid
-1,tidakaman uji klinik vaksin covid dihentikan
-1,airlangga hartarto membantah pemerintah membatalkan pembelian vaksin covid astrazeneca inggris
-1,delapan dibekap covid virus corona dunia membuka kegiatan langkah lepas dirilisnya vaksin produksi negara lna
-1,covid mematikan vaksin obatnya ilmuwan berjuang lelah penelitian menemukan uji klinis kemanusiaa
-1,covid mematikan vaksin obatnya ilmuwan berjuang lelah penelitian menemukan uji klinis kemanusiaa
-1,covid mematikan vaksin obatnya ilmuwan berjuang lelah penelitian menemukan uji klinis kemanusiaa
-1,guru fk unpad tepis isu ketidakamanan vaksin covid produksi sinovac
-1,vaksin covid mengubah dna manusia mitos fakta informasi salah pren alias mitos alias hoax ya memakai masker menjaga jarak aman mencuci tangan
-1,rusia hantar permohonan penyenaraian penggunaan kecemasan vaksin covid
-1,rusia hantar permohonan penyenaraian penggunaan kecemasan vaksin covid gambar hiasan
-1,menunda pilkada serentak tidakada pihakpun pandemi global covid aktivitas normal vaksin diketemukan
-1,warga brazil berkumpul utama sao paulo minggu memprotes gubernur kewajiban imunisasi covid
-1,percepat vaksin virus covid rusia ajukan permohonan who
-1,sobat reas akhir akhir fenomena masyarakat salah potensi kekhawatiran pemberian vaksin covid antibody dependent enhancement adek fenomena yuk simak
-1,informasi tidakbenar mudah dipercaya publik pejabat publik percaya menyebarkan informasi salah komunikasi publik pemerintah diperbaiki ketidakpercayaan publik meluas isu vaksin covid
-1,percakapan anak emak vaksin mah korea orang relawan divaksin covid udahnya meninggal divaksin didenda juta biar ya ya biar mati senyum lebar emak gue seram ye
-1,diorang saje je panjangkan isu covid nak suruh pakai vaksin diorang je diorng letak cip senang nak kawal diorang nak islam lemah sok perancangan diorang
-1,puak anti vaksin golongan fikir covid demam jer
-1,takut vaksin covid gue disuntik menangis
-1,pademi hilang orang terkena covid permasalahan memperlambat penyebarannya vaksin
-1,gawat negara kacau jokowi akui gagal pre tolak imunisasi covid cina rezim bunuh pri impor vaksin cina migrasi tkcn
-1,saksikan siaran ulang ilc menunggu vaksin covid harapan kecemasan malam pkl wib tvone narasumber aryasinulingga hnnazar danyamralichdan
-1,masyarakat tidakperlu meragukan vaksin covid pencegahan biar terpapar covid lur jaga dirimu kovid
-1,orang us bangang percaya covid hoax percaya pharmasi anti vaksin kristian anggap kebal presiden temui kegagalan nak flatten the curve
-1,berjalan pandemi selesai selesai penanganan lembek gaung vaksin masyarakat menggampangkan covid
-1,vaksin covid mendesak disiapkan vaksin iri dengki
-1,kantor mas andri apdet data keluarga ya pendataan vaksin covid ketemu vaksinnya deh pendataan takut deh kemarin bilang vaksinnya gajadi beli relawan meninggal ya
-1,disegarakan vaksin denni terbebas pandemi keluarga korban keganasan covid
-1,vaksinasi pencegahan covid tergesagesa ceroboh pastikan keamanan vaksin teruji lolos uji klinis meluas masyarakat biarlah pelan selamat
-1,tujuan uji klinis fase menentukan vaksin mengurangi resiko terkena covid uji coba belumselesai membelinya
-1,tujuan uji klinis fase menentukan vaksin mengurangi resiko terkena covid uji coba belumselesai membelinya
-1,buka fb je bersepah tengok lebai lebai anti vaksin dok pung pang covid menipu
-1,kabar sahkannya uu cipta kerja investor berinvestasi salah satunya pembuatan vaksin covid
-1,ubat vaksin terpaksa pembunuh herd immunity korbankan warga emas imuniti lemah penyakit kronik penuh sop selesa kali dielakkan kerjasama covid kali dap
-1,pembuatan vaksin diawali mengumpulkan sampel vaksin membiakkan media memanen memodifikasi vaksin dibuang unsur toksinnya dilemahkan negara proses vaksin covid
-1,perkataan vaksin mengobati covid penggunaan vaksin influenza singapura dihentikan klik baca
-1,tidaksetuju vaksin dipakai menerus dipakai sertifikasi digital ditangan tatto obat covid warga ri menolak divaksin corona negara gencar edukasi masyarakat
-1,gue kutip keluhan teman peneliti vaksin covid masyarakat tim kesehatan tim pengembangan vaksin politikus media issue realistis motif apapun masyarakat tim medis tim peneliti nanggung beban dilema pressure error
-1,orang disuntik vaksin berharap ketularan penyakit bunuhdiri ya kandidat vaksin covid
-1,ramai orang sembuh covid vaksin ubat sok vaksin orang offer vaksin vaksin kat rakyat
-1,vaksin covid sinovac lolos uji klinis fase relawan demam pusing
-1,vaksin obatnya perisai ampuh menghindar virus covid mengenakan masker menjaga jarak menghindari kerumunan
-1,menit selamat siang membahas tahap pengembangan vaksin covid prof soedjatmiko pastikan menonton informasi ya divaksin terlambat menonton
-1,gratiskan vaksin covid gantirugi bereaksi negatif
-1,coba buzzer ikutan idiot nya portal berita lu portal buzzer ece ece berita sensuai kebutuhan baca portal valid biar dibilang buzzer idiot
-1,relawan divaksin meninggal ngotot dibilang gagal
-1,nih gua tambahkan biar otak lu isinya malas buka portal kredibel
-1,gapapa sih operasionalkan grafik cenderung menurun tingkat kesembuhan obat covid nya vaksin bentar pemerintah kebijakan
-1,barusan telfon salah mahasiswi jurusan jurnalistik tugas covid wawancarain relawan vaksin diakhir pesan orang orang vaksin ragu
-1,covid undang pergi usir pamitan vaksin rebutan duitnya tidakada urusan kpk ya bangsa kesempatan rebutan mati
-1,vaksin valid kewajiban vaksinasi dicabut reaksi negatif penyuntikan pemerintah jepang membayar gantirugi
-1,tegakkan pengertian vaksin covid orang stren virus covid disuntikkan vaksinn stren virusnya china vaksin covid ambil stren virus ind
-1,ya tinggal suruh media bilang covid melonjak tanjam tampilkan kematian covid nakes nakes terpapar covid biar publik takut beli vaksin heheh
-1,vaksin anti covid menunggu vaksin anti radikalisme pesantren nu
-1,ingatkan golongan anti vaksin golongan anti covid
-1,depa cucuk vaksin plandemik je selesema je covid meninggal deh patut mati deh geng depa
-1,masyarakat pesimis apriori menolak vaksin kelompok anti jokowi berisik pengaruhi masyarakat dngn agr pemerintah gagal tangani covid ekonomi buang duit beli vaksin lebihbaik uang fokus perbaikan ekonomi
-1,kehilangan terkena covid menjadikan pahlawan terkena vaksin merdeka
-1,lo vaksin den gue ngeri lo mati covid rame dunia permedsosan lo
-1,vaksin teruji klinis berita orang korea vaksin covid memakan korban paham ketinggalan berita ya
-1,tajuk utama kerja vaksin virus corona tubuh vaksin covid brbeda vaksin vaksin bahan produk mnghasilkan sistem imun penyakit
-1,kerja vaksin virus corona vaksin lainx vaksin covid mrangsang sistem imunitas mmbuat zat kekebalan tubuh antibodi brtahan zat mlawan antigen patogen virus corona covid masuk tubuh
-1,kawan laki orang and one of them anak kat icu xsure sakit antivax kerap status takut kn jer covid orang sembuh jer xde amik vaksin xnmpk jer status kak
-1,bingung nih niat melaksanakan covid november vaksin november bingung masyarakat
-1,suruh geng antivaksin bumi flat fahaman sesat hospital pesakit covid sebarang ppe kena virus bertahan hidup sujud hahahahaha
-1,ayo melaksanakan vaksin covid badan kenal lawan kebal thd virus bakteri
-1,ayo melaksanakan vaksin covid badan kenal lawan kebal thd virus bakteri
-1,risau covid setakat menteri bermasalah golongan anti vaksin pantau
-1,anti vaksin tegar deh jumpa vaksin covid nak menyibuk beratur mintak cucuk ya
-1,sayanganak virus covid wujud virus sekeliling baby budak antibodi kuat vaksin trust allah but tie your camel ikhtiar takawal
-1,vaksin virus corona covid hasil pengembangan lembaga biomolekuler eijkman ditargetkan rampung pertengahan vaksin bernama merah putih dikembangkan eijkman strain virus corona
-1,antivaxx bodoh sebiji bodoh doula follow page pw tengok kebodohan depa masukakal deh vaksin covid golongan antivaxx deh letak pulau asingkan
-1,ketua dpr puan maharani pemerintah memfasilitasi pemberian vaksin covid masyarakat memiliki risiko harga terjangkau hambatan masyarakat mengakses vaksin
-1,rusia hantar permohonan senarai penggunaan kecemasan vaksin covid
-1,gerakan inklusif bergerak peduli terlibat upaya menanggulangi covid penyebaran vaksin
-1,gerakan inklusif bergerak peduli terlibat upaya menanggulangi covid penyebaran vaksin
-1,gerakan inklusif bergerak peduli terlibat upaya menanggulangi covid penyebaran vaksin
-1,lembaga pasteur terlibat pembuatan vaksin vaksin rabies vaksin polio vaksin covid
-1,guru fakultas kedokteran universitas padjajaran unpad cissy rachiana sudjana mengaku membutuhkan relawan uji klinis vaksin virus corona covid cissy uji coba vaksin membutuhkan puluhan ribu relawan
-1,bergerak peduli terlibat upaya menanggulangi covid penyebaran vaksin
-1,covid pembohongan tujuan utamanya bisnis vaksin terlalubanyak kebohongan nyata ilusii hahahaaa
-1,penguasa sih indikasinya laporan imperial college salah ya build up ex penderita covid drop bayangkan kudu vaksin kali setaun
-1,no my family member antivaxx berderet point covid point xterkata depa baguih vaksin hampa vaksin anak anak hampa awat hampa takut covid awat vaksin hampa kali nk lawan kak from that tau diam wont memakai me less
-1,ramai vaksin covid uji klinis belumselesai
-1,cek fakta tidakbenar harga vaksin covid lebihmahal brazil
-1,suntik vaksin paksaan ikhlas biar tahan thd covid legislator jual kecap kecap nya mengoceh doang mutu masyarakat ngakaaak
-1,buktikan komen rencana pemerintah jokowi mengadakan vaksin covid menuai sang rezim tumbang periodenya allah sang maha pembuat rencana tumbang sih rezim meninggalkan sejarah buruk kepemimpinannya
-1,percaya virus covid percaya covid segampang manusia mati utamanya jualan vaksin
-1,politisi vs ilmuan akur prof henri subiakto berbicara berdasarkan fakta data fz berbicara bunyi didasari nalar vaksin covid rb memalukan politisi asbun memakai nalar menyerang pribadi prof hs
-1,fz dipermalukan prof henri subiakto mengaku wakil ketua dpr nalar vaksin covid rb disuruh cari nyuruh pemerintah bawaannya emosi publik malu wakil rakyat kelakuannya orang etika
-1,nih dikirim gc big fam gue percaya covid orang orang manfaatin situasi politik vaksin tbh gue ngeri ngerinya tuh pas divaksin eh munculin penyakit
-1,mencermati kekinian covid menimpa olahragawan rossi ronaldo ibrahimovic vonis positif covid karantian mandiri vaksin swab cek ulang negatif bertanding
-1,dok dimanusia test efikasi vaksin vaksin mati covid kali injek challenge pakai virus covid ukur titernya
-1,je menyusahkan rakyat berenti kejap mainan korang covid takde vaksin deh merata korang sambung berperang kerjasama cari terbaik berkhidmat rakyat duk rumah diam diam bang sham keje
-1,bilang covid hoax keuntungan penjualan vaksin penjualan vaksin sebanding dana stimulus mengeluarkan negara dunia us mengeluarkan ekonomi total cuman singapura mengeluarkan savings generasi
-1,ahli isyu basi kedepan nih vaksin covid haram rica dirusak heheeeee ketahuan duluan orang isyu manusia gagal jual sara koruptor
-1,anwarkau abahkau atukkau apekkau korang je menyusahkan rakyat berenti kejap mainan korang covid takde vaksin deh merata korang sambung berperang kerjasama cari terbaik berkhidmat rakyat
-1,kabar buruk relawan vaksin covid astrazeneca meninggal haji uji coba istana mentri relawan vaksin lho
-1,semoga diproduksi massal bertahap imun infeksi virus negara vaksin meningitis vaksin covid
-1,covid nya vaksin nya mendepopulasi manusia sih kedepan vaksin wajib hukuman bang menolak
-1,benci negara dana riset dikasih giliran butuh kayak covid riset mandiri dibantu ujungnya vaksin pemerintah bla bla bla anjing
-1,benci nya anti vaksin kat dunia elok diorang kena covid astu kunci diorang gudang kat hutan sekurang kurangnya ganggu orang vaksin
-1,menkeu dinamika second wave harapan vaksin isu politik pemilihan presiden as price pasar emerging countries berpotensi tumbuh pesat meminimalkan risiko covid menjaga ssk
-1,vaksin virus corona covid hasil pengembangan lbm eijkman ditargetkan selesai pertengahan vaksin bernama merah putih dikembangkan eijkman strain virus corona
-1,lembaga pasteur terlibat pembuatan vaksin vaksin rabies vaksin polio vaksin covid bm
-1,vaksin virus covid hasil pengembangan lembaga biomolekuler eijkman ditargetkan rampung pertengahan vaksin bernama merah putih dikembangkan eijkman strain virus corona
-1,semoga produksi masal vaksin merah putih terealisasi secepat disalurkan rumah sakit merawat korban covid
-1,lembaga pasteur terlibat pembuatan vaksin vaksin rabies vaksin polio vaksin covid sih
-1,je menyusahkan rakyat berenti kejap mainan korang covid takde vaksin deh merata korang sambung berperang kerjasama cari terbaik berkhidmat rakyat duk rumah diam diam ontok
-1,dilanda pandemik plandemik virus wayang tujuan utama vaksin menggurangkan populasi manusia bumi pelik haiwan kena penyakit covid
-1,ramai palatow bab covid kaitkan dengn vaksin haram kaitkan dajjal
-1,vaksin virus corona hasil pengembangan lembaga biomolekuler eijkman ditargetkan rampung vaksin covid bernama vaksin merah putih strain virus corona
-1,vaksin salah menurunkan pandemi covid meningkatkan kekebalan tubuh bersangkutan penurunan vaksinasi perkembangan jaga jarak pakai masker ya
-1,vaksin virus covid hasil pengembangan lembaga biomolekuler eijkman ditargetkan rampung pertengahan vaksin bernama merah putih dikembangkan eijkman strain virus corona
-1,pemerintah badan pom tim inspektur cpob pengawalan mutu pembuatan obat melaksanakan inspeksi industri pembuatan vaksin covid tiongkok
-1,vaksin virus covid hasil pengembangan lembaga bio molekuler eijkman targetkan rampung pertengahan vaksin bernama merah putih kembangkan eijkman strain virus corona
-1,sih terbebas wabah covid vaksin bertahap diprioritaskan ya berhadapan langsung penanganan wabah tenaga medis
-1,pemerintah pemerintah mengutus tim inspektur cpob badan pom langsung melaksanakan inspeksi industri pembuatan vaksin covid tiongkok mutu vaksin wajib diperhatikan melawan wabah
-1,alhamdulillah semoga vaksin covid derita dukung kerja keras pemerintah melawan wabah
-1,vaksin keamanan orang sakit periksa tes sakit obat meredam pandemi covid disiplin keseharian memakai masker menjaga jarak mencuci tangan prof soedjatmiko
-1,vaksin obat covid protokol kesehatan gerakan dijalankan aktivitas berlanjut vaksin salah upaya menghentikan pandemi vaksin menggantikan menghindari kerumunan
-1,kemenhub mengomongkan vaksin kemenhan mengurusi singkong kementan mengurusi kalung obat kemenkomarves manglima covid kemenkes ter awan awan
-1,vaksin sih sok far ya china disuntikin medis akurat salah vendor dijakarta mengorder vaksin covid tenaga medis dahulukan
-1,penyataan koordinasi kementerian berantakan kementerian bicara vaksin covid kemenkes bicara pembangunan pelabuhan pengadaan kapal laut koordinasi kementerian
-1,serius ieu tenaga pendidik kudu suntik vaksin anti covid
-1,global market drop respon rumor penundaan vaksin covid novavax
-1,ve just posted new blog global market drop respon rumor penundaan vaksin covid novavax
-1,global market drop respon rumor penundaan vaksin covid novavax
-1,anti vaksin ditakdirkan vaksin covid depa nak amik kkm kena paksa amik merebak
-1,global market drop respon rumor penundaan vaksin covid novavax
-1,global market drop respon rumor penundaan vaksin covid novavax
-1,hmm susah susah pecaya covid yakali dibuatin vaksin diluncurin november besok yakali bioskop buka percaya melek banget cuman bilang pe
-1,daftar vaksin covid kantor gua ragu
-1,pemerintah gila keuntungan pribadi berpikir logika bersikukuh membeli vaksin covid negara kayak raya beli sebap vaksin valid kali korban php vaksin hemmmm mm sok kayak
-1,vaksin covid kereta angkot kah urus kacau
-1,anwarkau abahkau atukkau apekkau korang je menyusahkan rakyat berenti kejap mainan korang covid takde vaksin deh merata korang sambung berperang kerjasama cari terbaik berkhidmat rakyat
-1,sehabis pemilu us berita covid hilang kak new normal kandidat vaksin covid dikembangkan oxford astrazeneca respons imun kuat lansia kelompok salah rentan
-1,serius komunikasi pejabat negara akun kemenhub mengomongkan vaksin covid admin akun target wajib post posting bidang admin salah pakai akun hadehhh
-1,teori konspirasi percaya anti vaksin manusia covid bioweapon
-1,baca anti vaksin je anti covid
-1,berenti kejap mainan korang deh takde vaksin deh merata korang sambung berperang
-1,covid takde vaksin deh merata korang sambung berperang kerjasama cari terbaik berkhidmat rakyat duk rumah diamdiam bang sham keje
-1,vaksin persatuan dokter internasional konferensi pers covid rekayasa menghancurkan ekonomi dunia dokter lho nuwun sewu lancang berbicaranya
-1,anwarkau abahkau atukkau apekkau angpa je menyusahkan rakyat stop sat mainan angpa indak covid deh takda vaksin deh merata angpa sambung berperang kerjasama cari terbaik berkhidmat rakyat heh
-1,bapaknya anak gue mengasih tau vaksin covid vaksin korsel relawan vaksin covid orang meninggal gue baca beritanya meninggal puluhan orang taunya
-1,jokes tv tayang berita vaksin covid mundur suasana hening wajah datar nyeletuk oh dadi nek adek indak pengin kena covid tinggal mundur serah
-1,doa laki bini sekeluarga covid kene intubate seronok taknak vaksin sume mereput korang neraka bunuh anak anak orang bodoh korang
-1,seyogyanya vaksin pemimpin pemerintahan terhindar virus covid menggangu nya pemerintahan kekosongan pemerintahan dibalik rakyat
-1,serius jujurnya penat membaca dakyah mitos ysng disebarkan fb group anti vaksin penentang perubatan doula douli berkumpul terkini dakyah terbaru covid hoax propoganda media percaya
-1,vaksin covid gratis berbayar warga negara terkena dampak covid memprotes keras vaksin corona berbayar
-1,alasan dasar pemerintah terkesan buru buru pendistribusian vaksin covid status standar kualitas keamanannya bpom izin darurat vaksin tunggu data mutu klinis lengkap
-1,semalam terbaca pasal orang covid konspirasi gahaha taktau nak react bagitau amik vaksin benda benda membawa kematian uhmmm okayyy
-1,penyebaran covid dihentikan salah satunya vaksin
-1,pembuatan obat cpob tlah melaksanakan inspeksi industri pembuatan vaksin covid
-1,pemerintah berupaya menekan penyebaran covid salah satunya menyediakan vaksin covid
-1,pemerintah berupaya menekan penyebaran covid salah satunya menyediakan vaksin covid
-1,pemerintah berupaya menekan penyebaran covid salah satunya menyediakan vaksin covid
-1,program membiayai vaksin covid menyalurkannya merata negara kayak miskin kesempatan konferensi pers jenewa tedros
-1,juru bicara satgas penanganan covid reisa brotoasmoro vaksin bentuk upaya pembuatan kekebalan tubuh melawan penyakit
-1,teh teh mission impossible lawan penjahat dapatkan vaksin covid
-1,vaksin ampuh mencegah penyebaran virus covid memakai masker mencuci tangan menjaga jarak polres karanganyar hadir mengajak masyarakat mencegah penyebaran virus covid
-1,vaksin ampuh mencegah penyebaran virus covid memakai masker mencuci tangan menjaga jarak lupa menerapkan pola hidup sehat imun tubuh meningkat polres karanganyar mengajak masyarakat mencegah penyebaran virus covid
-1,vaksin ampuh mencegah penyebaran virus covid memakai masker mencuci tangan menjaga jarak lupa menerapkan pola
-1,vaksin covid covid vaksin berbeda tujuan mengurangi penduduk dunia milyar covid vaksin proyek dunia kenda
-1,pemerintah awasi ketat pembuatan vaksin covid tiongkok cegah cluster kovid
0,keputusan tanda alasan pemerintah optimis vaksin hadir salah vaksin corona jenis sinovac tahap uji klinis
0,epidemiolog universitas pandu riono vaksin corona tahap uji klinis fase selesai
0,mengacu ketetapan berlaku syarat keamanan khasiat mutu produk vaksin corona
0,keberadaan vaksin corona secercah harapan beragam jenis merek vaksin digadang gadang masuk pemerintah menargetkan november jutaan vaksin disuntikkan diundur kepastian
0,keberadaan vaksin corona secercah harapan beragam jenis merek vaksin digadang gadang masuk pemerintah menargetkan november jutaan vaksin disuntikkan diundur kepastian
0,epidemiolog universitas pandu riono vaksin corona tahap uji klinis fase selesai
0,mengacu ketetapan berlaku syarat keamanan khasiat mutu produk vaksin corona
0,keputusan tanda alasan pemerintah optimis vaksin hadir salah vaksin corona jenis sinovac tahap uji klinis
0,keberadaan vaksin corona secercah harapan beragam jenis merek vaksin digadang gadang masuk pemerintah menargetkan november jutaan vaksin disuntikkan diundur kepastian
0,epidemiolog universitas pandu riono vaksin corona tahap uji klinis fase selesai
0,keputusan tanda alasan pemerintah optimis vaksin hadir salah vaksin corona jenis sinovac tahap uji klinis
0,mengacu ketetapan berlaku syarat keamanan khasiat mutu produk vaksin corona
0,pandemi corona merebak dunia ilmuwan mencari penangkal virusnya berlomba lomba vaksin mengebalkan tubuh manusia covid
0,perusahaan bioteknologi amerika moderna peluncuran kandidat vaksin corona mrna miliknya global ceo moderna mengaku menandatangani perjanjian pasokan pemerintah dunia
0,pemerintah jepang berencana meluncurkan ruu menggratiskan vaksin corona pnduduknya ruu kompensasi pemasok vaksin efek samping serius perawatan gratis ditawarkan penerima vaksin mengalami efek negatif
0,peneliti jerman penelitian relawan masker hand sanitizer pelacak jarak menghadiri konser musik ruangan leipzig jerman agustus
0,airlangga bantah kabar ri batal beli vaksin corona inggris
0,jokowi libatkan mui cs yakinkan umat kehalalan vaksin corona
0,israel uji coba vaksin corona manusia
0,jokowi erick thohir siapkan strategi komunikasi vaksin corona
0,vaksin kunci utama penanganan corona
0,blak blakn vaksin corona dbd
0,jokowi negara berlomba lomba memperoleh vaksin corona
0,biden politisasi dapatkan vaksin corona
0,tolong pemprov pertemuannya pemprov menerbitkan perda wajib vaksin juta dendanya
0,vaksin corona
0,vaksin corona deh perkembangannya
0,giveaway vaksin corona
0,vaksin corona ya
0,disinfeksi siapkan unit donor darah tersebar sumber berita kumparan
0,pemerintah australia mengamankan akses vaksin corona covid asia tenggara negara begara kawasan pasifik
0,ngebut vaksin test and tracing
0,corona vaksin ladang ujicoba tiongkok komunis
0,dukung upaya pengadaan vaksin corona
0,ketersediaan vaksin covid
0,curug vaksin corona kah
0,mengenal vaksin merah putih vaksin corona buatan pengembangan
0,vaksin corona ditunda rakyat kelinci percobaan
0,tayang streaming ilc tv one bahas vaksin corona fadli zon ridwan kamil hadir
0,fadli zon bukti harga vaksin corona eropa rp rp pos kupang
0,ustadz baequni sarankan divaksin alasannya virus corona covid menyebar negara dunia negara memproduksi vaksin covid mendistribusikannya negara negara
0,presiden vaksinasi covid mengikuti standar kesehatan terburu buru perusahaan bioteknologi global mengembangkan kandidat vaksin virus corona mengendalikan penyebaran pandemi covid pemerintah
0,vaksin corona duluan
0,projo vaksin corona duluan jatah bumn pemerintahan
0,harap vaksin corona pokok kelapa sawit biar diorang terciduk
0,kabar omnibus law stasiun televisi lokal menyoroti mu kabar gedung kejaksaan agung berita mu dengar kabar corona vaksin ramai dibicarakan kabar sebentar pemilihan daerah
0,vaksin lahir plandemic hoax corona bunuh rakyat lu
0,vaksin corona nyx
0,monggo vaksin corona menunggu siapin ribu ya byarnya wkwk
0,monggo vaksin corona menunggu siapin ribu ya byarnya wkwk
0,monggo vaksin corona menunggu siapin ribu ya byarnya wkwk
0,monggo vaksin corona menunggu siapin ribu ya byarnya wkwk
0,monggo vaksin corona menunggu siapin ribu ya byarnya wkwk
0,monggo vaksin corona menunggu siapin ribu ya byarnya wkwk
0,monggo vaksin corona menunggu siapin ribu ya byarnya wkwk
0,monggo vaksin corona menunggu siapin ribu ya byarnya wkwk
0,monggo vaksin corona menunggu siapin ribu ya byarnya wkwk
0,menunggu vaksin corona kepastian
0,survey nya buzzers istana ya kenyataan nya orang vaksin corona vaksin nya
0,wkwkwkw apakabar monyet vaksin covid vaksin mata orang orang kayak vaksin flu vaksin cervix hpv ujung nya aware privileged the end of the day herd immunity terpapar corona vaksin
0,portaljabar pemerintah menggembar gemborkan pengadaan vaksin virus corona covid ditargetkan tersedia depa
0,nya butuh pengamatan kasih janjii ya
0,diharapkan pemerintah mengambil langkah cepat mengambil keputusan tergesagesa
0,ya pabrik farmasi inggris as safety record lebihbaik pendapat
0,tergesa
0,perusahaan farmasi pfizer mengembangkan vaksin cacar berpengalaman pembuatan vaksin perusahaan negara
0,perusahaan farmasi prancis vaksin corona harganya
0,orang menolak vaksin corona vaksin cepat vaksin corona
0,bio farma respons vaksin corona polandia rp ribu
0,stafsus erick thohir buka vaksin corona masuk ri
0,mal diramal sulit ramai vaksin corona tersedia
0,vaksin corona oxford diklaim picu kekebalan orang tua
0,jokowi menteri harga vaksin corona terjangkau
1,gue gendong kucing emak gue kak coba cek infojakarta vaksin gratis gue kaget hah vaksin corona gratis emak gue vaksin corona vaksinnya sih ebong gue menatap ebong hadeh
1,top news koran rakyat merdeka kehalalan vaksin covid mui ruf amin berusaha rakyat tenang aman
1,pemerintah presiden jokowi staf khusus menteri kesehatan ri kemenkes alexander kaliaga ganteng suka provinsi prioritas penerima vaksin corona daftarnya
1,pemerintah berusaha menyediakan vaksin melindungi masyarakat virus corona menjamin keamanan kualitas vaksin menerbitkan sertifikat memenuhi persyaratan yuk simak peran bpom
1,perdanamenteri inggris berharap vaksin corona tersedia kuartal
1,aman silakan mencoba vaksin disuntikan rakyat vaksin erick thohir jamin vaksin corona aman membahayakan rakyat
1,alhamdulillah semenjak pilkada corona membaik terimakasih vaksin pilkada
1,pemerintah federal australia mengambil langkah diplomatik dramatis mengumumkan komitmen bantuan juta dolar triliun rupiah vaksin virus corona negara asia tenggara pasifik
1,vaksin corona wajib hukumnya aman efektif evaluasi ilmiah diharapkan perhatian utama proses pengadaan pelaksanaan vaksinasi
1,vaksin corona wajib hukumnya aman efektif evaluasi ilmiah diharapkan perhatian utama proses pengadaan pelaksanaan vaksinasi
1,vaksin corona wajib hukumnya aman efektif evaluasi ilmiah diharapkan perhatian utama proses pengadaan pelaksanaan vaksinasi
1,diplomasi vaksin australia bertujuan membantu negara negara pasifik asia tenggara cakupan imunisasi penuh memulihkan kawasan vaksin didistribusikan
1,november mintanya muluk muluk mudah mudahan dikasih member member betah main cepat vaksin corona biar pulang
1,vaksin corona teruji klinis dipesan jutaan dosis kejelasan vaksin aman jadikan rakyat kelinci percobaan perhatikan keselamatan keamanan rakyat
1,peluang kerja dibangun turki gue pemerintah memaksimalkan peluang mendorong perekonomian terpuruk posisi lebihbaik
1,vaksin corona sejati nya tida vaksin sesungguhnya diesetiap indipidu manusia nutrisi olah raga treated imun daya tubuh stabil
1,janji manis vaksin corona
1,prof nih jepang vaksin corona rakyatnya gratis tisss beruntungnya rakyat jepang pemerintah mencintai rakyatnya
1,bilang vaksin corona pejabat cinta rakyatnya menjwb pemerintah pilihan digaji pajak rakyat vaksin corona sebisa pemerintah vaksin covid sih
1,saran mengganti nama vaksin merah putih brand name mengkapitalisasi nama bio farma produsen nama merah putih bagus heroik negeri menjual menyasar negara
1,vaksin corona tersedia terimakasih pemerintah
1,istilah kenal sayang istilah tek kenal kebal semoga vaksin datanh membantu masyarakat terbebas corona
1,pemerintah jepang selasa kemarin menyetujui ruu membayar biaya administrasi vaksin virus covid masyarakat sejalan janji perdanamenteri yoshihide suga mengamankan vaksin virus corona penduduk jepang paruh
1,vaksin corona diprioritaskan nakes pcnu jaminan halal
1,alhamdulillah semoga secepatnya vaksin terbebas corona amin ya allah
1,mata gede keuntungan penelitian antivirus covid diprediksi barat negara pengekspor vaksin antivirus corona keuntungan luarbiasa hasil riset
1,corona salah satunya vaksin berita bagus nih teman teman vaksin gratis peserta pbi jkn kis alhamdulillah
1,buktikan carax vaksinx setidakx pejabat tertinggi negara vaksin live minggu sebulan aman barulah rakyat divaksin
1,pemerintah berkoordinasi tim peneliti mengawasi penelitian vaksin covid vaksin aman bermanfaat melindungi virus corona
1,otoritas aman tidaknya medis kelinci percobaannya test aman vaksin duluan jajaran spesial menteri kena corona diawal pandemi
1,vaksin corona tes politisi selamat vaksinnya aman negara nya aman monika wisniewska
1,psi mendukung arahan presiden pengadaan distribusi vaksin covid disiapkan matang detail aspek komunikasi publiknya
1,langkah konkret mencegah penyebaran covid pemerintah berkoordinasi tim peneliti mengawasi penelitiasn vaksin covid vaksin aman bermanfaat melindungi virus corona cont
1,pemerintah berkoordinasi tim peneliti mengawasi penelitian vaksin covid vaksin aman bermanfaat melindungi virus corona
1,pemerintah berkoordinasi tim peneliti mengawasi penelitian vaksin covid vaksin aman bermanfaat melindungi virus corona
1,pemerintah berkoordinasi tim peneliti mengawasi penelitian vaksin covid vaksin aman bermanfaat melindungi virus corona
1,pemerintah berkoordinasi tim penelitian mengawasi penelitian vaksin covid vaksin aman bermanfaat melindungi virus corona
1,pemerintah berkoordinasi tim peneliti mengawasi penelitian vaksin covid vaksin aman bermanfaat melindungi virus corona
1,pemerintah berkoordinasi tim peneliti mengawasi penelitian vaksin covid vaksin aman bermanfaat melindungi virus corona
1,vaksin corona jaminan kesehatan negara
1,vaksin corona jaminan kesehatan negara
1,gese buangett berkali lipat lap bola ijo segar belakangnya tukisan sman semoga kayak smansa kiyta malem foto foto situ bagus banget hasilnya acara vaksin corona sekolah vaksinnya sih
1,shrsnya rakyat penghormatan kpda pmrintah wajib mendahulukn pemrintah mndpatkn vaksin covid presiden mentri jajarannya dpr dijamin kesehatannya semangat kerja kerja
1,menteri jokowi dikabarkan tertular covid naahh moment bagus coba vaksin covid mentri pejabat istana tertular tuh rakyat djadikan kelinci percobaan setuju
1,uji vaksin covid dilaksanakan hatihati tercapai keefektifan vaksin
1,who melaporkan perkembangan terbaru posisi kandidat vaksin covid fase klinis tahap fase klinis tahap fase klinis tahap fase klinis tahap kandidat tahap evaluasi praklinis lolos uji aman
1,terkait vaksin legislator sarankan pemerintah libatkan bangak negara biar hasilnya lebihbaik
1,terkait vaksin legislator sarankan pemerintah libatkan bangak negara biar hasilnya lebihbaik
1,pakar vaksin covid kepastian desember tersedia luas
1,vaksin covid oxford tunjukkan respons imun lansia dewasa muda
1,top news koran rakyat merdeka kehalalan vaksin covid mui ruf amin berusaha rakyat tenang aman
1,alhamdulillah kekal not bad bang maintain je vaksin covid available next year
1,masyrakat tidakperlu meragukan manfaat vaksin covid liburan sehat patuh prokes optimis mengatasi
1,erick thohir matang skema menghadirkan vaksin covid memenuhi kebutuhan jangka pendek dibuatlah skema kerja produsen vaksin global
1,ketua pelaksana komite penanganan covid pemulihan ekonomi nasional kpcpen erick thohir melaporkan perkembangan vaksin halal wakil presiden ruf amin
1,pengembangan vaksin simbol kemajuan kemandirian bentuk tanggung pemerintah memenuhi kebutuhan masyarakat vaksin covid vuntuk progres
1,pakar vaksin covid kepastian desember tersedia luas pakar pengin
1,vaksin covid oxford tunjukkan respons imun lansia dewasa muda kandidat
1,mendukung prioritaskan dorong menerima impor vaksin covid
1,pengembangan vaksin simbol kemajuan kemandirian bentuk tanggung pemerintah memenuhi kebutuhan masyarakat vaksin covid
1,kerjasama pengadaan vaksin covid negara memenuhi kebutuhan masyarakat mengatasi pandemi covid
1,kerjasama pengadaan vaksin covid negara memenuhi kebutuhan masyarakat mengatasi pandemi covid
1,ketua pelaksana komite penanganan covid pemulihan ekonomi nasional kpcpen erick thohir melaporkan perkembangan vaksin halal wakil presiden ruf amin
1,pengembangan bibit vaksin covid lembaga eijkman lebihcepat dibanding bibit vaksin dikembangkan lembaga platform sub unit protein rekombinan
1,ketua pelaksana komite penanganan covid pemulihan ekonomi nasional kpcpen melaporkan perkembangan vaksin halal wakil presiden ruf amin
1,pembayaran penyediaan vaksin covid sesuai tahapan disepakati perjanjian kontrak
1,vaksin sediri murni karya anak bangsa strain covid diharapkan bergantung negara
1,pastikan mengimpor vaksin covid erick thohir pengujian vaksin merah putih hasil terbaik sukses vaksin merah putih
1,membantu mengatasi pandemi covid melanda tanah air pemerintah berupaya mengembangkan
1,vaksin buatan bangsa diharapkan mengobati pasien covid mudah an ya
1,membantu mengatasi pandemi covid melanda tanah air pemerintah berupaya mengembangkan
1,urusan keamanan keampuhan vaksin covid syarat utama proses vaksinasi direncanakan kepastian akses masyarakat distribusi vaksin tersedia direncanakan matang
1,hasil uji coba vaksin sih simpang siur masyarakat mengharapkan hasilterbaik kerja keras saintis sedunia kaum agamais nyatut keberhasilan sains hasil doa bla bla bla kebesaran tuhan
1,jajarannya kesan masyarakat pemerintah menerobos aturan kesehatan mengamankan stok vaksin covid teladan nabi cegah wabah
1,optimis mengatasi covid masyarakat tidakperlu meragukan manfaat vaksin covid bersatu kalahkan kovid
1,bersatu kalahkan kovid peran bpom pengadaan vaksin covid yuk dibaca
1,pandemi kabar pasien sembuh covid mencapai orang mengutamakan protokol kesehatan sembari menunggu vaksin atasi pandemi
1,vaksin covid tersedia bersatu kalahkan kovid
1,kabar uji klinik vaksin covid sehat indonesiaku bersatu kalahkan kovid
1,memiliki kemampuan kemandirian vaksin covid wajib mendukung pembuatan vaksin covid sehat perketat prokes liburan
1,semoga vaksin covid benarbenar efektif mencegah covid warga bebas pandemi
1,bersatu kalahkan kovid provinsi zona merah prioritas menerima vaksin covid data nya
1,presidennya jokowi jajarannya kesan masyarakat pemerintah menerobos aturan kesehatan mengamankan stok vaksin covid teladan nabi cegah wabah
1,vaksin covid harapan situasi pandemi semoga program vaksinasi covid berjalan sesuai harapan bersatu kalahkan kovid
1,bumn dibidang farmasi pt bio farma berkomitmen dukung upaya pemerintah menghadirkan vaksin covid harga terbang perlindungan penduduk liburan sehat patuh prokes
1,ragukan manfaat vaksin covid vaksinasi pencegahan menumbuhkan imunitas optimis atasi covid abai prokes kovid
1,jubir satgas penanganan covid wiku adisasmito vaksin jaminan tuntasnya pandemi covid bersatu kalahkan kovid
1,ragukan manfaat vaksin covid teruji klinis keamanan keampuhan vaksin mencegah membangun imunitas tubuh mudah terpapar virus covid bersatu kalahkan kovid
1,mempercepat agr masyarakat menerima vaksin pengembangan vaksin covid negeri menunjukkn kemampuan kemandirian bangsa mengembangkan vaksin
1,vaksin covid marwan jafar libatkan kerjasama negara lebihbaik download aplikasi tribunnews update berita terbaru dapatkan android
1,mantap vaksin covid disikapi kehati hatian benarbenar aman sehat masyarakat
1,pemerintah kementerian kesehatan penyuntikan vaksin covid akhir tenaga kesehatan prioritas penyuntikan vaksin covid
1,mempertimbangkan peran dampak vaksin covid upaya perlindungan masyarakat pemerintah menilai proses pengembangan vaksinasi hatihati
1,menilai pemerintah menentukan orang orang diprioritaskan menerima vaksin covid tahap
1,vaksin ditemukan teruji efektif muncul pendistribusian vaksin mudah
1,survei kedaikopi mayoritas responden optimis pengembangan vaksin merah putih menyelesaikan pandemi covid
1,vaksin merah putih dikembangkan metode modern diharapkan efektif menangani pandemi covid
1,jakarta badan pengawas obat makanan bpom vaksin covid masyarakat benarbenar aman berkhasiat bermutu lembaga
1,jakarta vaksin covid produksi sinovac dinyatakan lulus uji klinis tahap vaksin dinyatakan bisadigunakan aman pemerintah menunggu
1,jakarta badan kesehatan dunia who vaksin covid luas menurutnya
1,otoritas as prioritaskan kelompok rentan terinfeksi lansia pegawai kesehatan semoga vaksin cepat selesai uji klinis aman efektif
1,iya presiden sekeluarga mempertontonkan menerima petugas sensus bps bagitu contoh sekeluarga vaksin covid
1,penanganan covid kearifan lokal vaksin sesungguhnya protokol kesehatan
1,hi sohib tahukah upaya pemerintah vaksin covid aman halal yuk simak infografisnya
1,updet terbaru subsidi bansos covid program nya vaksin nya djakarta
1,pemerintah kementerian kesehatan penyuntikan vaksin covid akhir tenaga kesehatan prioritas penyuntikan vaksin covid
1,vaksin covid sesuai standar who aman
1,upaya penanggulangan penyebaran covid pemerintah menetapkan enam sasaran penerima vaksin covid sasaran penerima vaksin juta orang simak infografis
1,pengembangan vaksin simbol kemajuan kemandirian bentuk tanggung pemerintah memenuhi kebutuhan masyarakat vaksin covid progres membacanya infografis
1,simulasi vaksinasi covid kali puskesmas tapos depok jawa barat dipantau langsung gubernur jawa barat ridwan kamil proses simulasi vaksin covid yuk simak
1,stasiun televisi iklan menampilkan kerja vaksin bentuk animasi animasi menarik mudah dimengerti good that is improvement aperesiasi satgas covid pemerintah hehe
1,selamat sore pemerintah vaksin covid aman didistribusikan meluas masyarakat evaluasi uji klinis vaksin covid bpom standar kriteria ditetapkan sesuai referensi standar who
1,presiden vaksin covid aman efektif
1,menristek vaksin covid terjamin aman
1,ketua satgas covid ikatan dokter idi zubairi djoerban vaksin dipakai masyarakat pembuktian kepastian keamanan tingkat efektifitasnya sesuai kaidah kesehatan
1,ketua satgas covid ikatan dokter idi zubairi djoerban vaksin dipakai masyarakat pembuktian kepastian keamanan tingkat efektifitasnya sesuai kaidah kesehatan
1,ketua satgas covid ikatan dokter idi zubairi djoerban vaksin dipakai masyarakat pembuktian kepastian keamanan tingkat efektifitasnya sesuai kaidah kesehatan
1,vaksin menteri bumn ajak generasi muda berprotokol covid news jawa barat
1,akademi china klaim hasil uji klinis vaksin covid aman manusia news jawa barat
1,bpom pastikan vaksin covid aman berkhasiat izin edar news jawa barat
1,mui masyarakat tenang narasikan vaksin covid news jawa barat
1,pemerintahan dibawah kepemimpinan presiden mengupayakan mengatasi pandemi pemberian bantuan ketersediaan vaksin covid abai prokes kovid
1,urusan diserahkan ahlinya tunggulah kiamat kehancurannya bukti kecerdasan amanah vaksin covid
1,maaf dok vaksin diedarkan aman ya pemda pembukaan pendaftaran vaksinasi covid gratis bingung indak
1,vaksin juta warga mudah kemampuan pemeriksaan covid maksimum ribu spesimen perkirakan ribu instruksikan relawan pmi intensif penyemprotan disinfektan
1,pengadaan vaksin covid jokowi gerak cepat penuh perencanaan matang
1,bio farma kepercayaan koalisi inovasi persiapan epidemi cepi pengembangan vaksin covid uji tuntas due diligence kapasitas perusahaan
1,mahal entar vaksin covid nya syukur gratis terpenting pastiin vaksin nya vaksin palsu ala ala emak lisa
1,presiden joko widodo menginstruksikan jajarannya detail hatihati rencana pemberian vaksin covid persiapan matang dibutuhkan terkait pengadaan distribusi vaksin edukasi rencana
1,insya allah vaksin covid kelar kontribusi unpad bangsa banget twit lanjutan biar bangga alumni unpad
1,penanganan covid lebihbaik negara maju
1,vaksin berbahay tau covid silauet membahayakan covid konservasi diperlakukan semena mena pembangunan berjalan sesuai protokol kapitalisme hati hati habis pulaumu
1,calon vaksin covid masuk uji klinis itagi tanda aman
1,upaya pemerintah penanganan pandemi covid pengadaan vaksin masyarakat kepercayaan dukungan lapisan masyarakat
1,mengajak beliau menangani vaksin covid beliau menangkal flu burung berhasil welcome home siti fadilah tuhan memberkati
1,rakyat bebas covid disuru tolak vaksin lu sehat hidup normal
1,vaksin covid oxford tunjukkan respons imun lansia dewasa muda
1,pakar vaksin covid kepastian desember tersedia luas
1,sepakat rakyat jadikan kelinci percobaan pemimpin contoh teladan vaksin covid tantang petinggi vaksin duluan sujiwo tejo khianati ki hadjar
1,kelompok menamakan pakar dunia menganggap covid takberbahaya sekedar akal an bisnis jual vaksin kebal butakah positif kematian grand design dibalik
1,calon vaksin covid masuk uji klinis itagi tanda aman
1,health detik com as vaksinasi covid penasihat kesehatan gedung putih anthony fauci vaksin covid tersedia as januari
1,insha allah ikhtiar aman halal
1,alhamdullilah semoga bu siti fadilah kesehatan memimpin penemuan vaksin covid penaganannya
1,alhamdullilah semoga semangat siti fadilah menemukan vaksin covid cepat terwujud nya covid penanganannya
1,jepang setuju pakai dana publik vaksin covid gratis
1,setuju diadakannya vaksin covid dipercaya keamanannya vaksin cepat sejarah gagal vaksin
1,produsen vaksin covid posisi tawar pemerintah cermat
1,vaksin covid saleh daulay tunjukkan negara dunia berhasil
1,menduga makelar cari untung bisnis vaksin covid fadli zon gratis
1,dikabarkan menyediakan vaksin covid kebijakan semoga kebijakan diambil terbaik keamanan efektivitas vaksin
1,tolong jadikan euforia vaksin covid masif penguasa negeri tolong transparan komunikasi publik dijaga komunikasi bu terhormat
1,tunggu wabak covid pulih deh vaksin berkesan elok kot pru sabah terkawal disebabkan prn terima gelombang wabak covid
1,semoga membantu negara mengatasi covid vaksin flu burung
1,mengembangkan vaksin melulu tercepat vaksin terbukti aman efektif durasi proteksi point aksesibilitas vaksin berisiko terjangkit covid
1,pahlawan dunia plus ketiban durianruntuh mah namanya
1,njih gus prokes mah wajib semoga sgr vaksin bebas nyaman bayang covid
1,badan pengawas obat makanan bpom izin edar satupun kandidat vaksin covid berdasarkan data organisasi kesehatan dunia who tanggal oktober kandidat vaksin
1,covid jaga jarak sosial vaksin membasmi flu ilmuwan menyarankan alih alih memfokuskan upaya sepenuhnya pengembangan vaksin membantu mengambil kesempatan berinvestasi jenis pencegahan
1,stop pilihan raya sop sedia rakyat menteri certain habiskan covid tunggu vaksin tunggu kes habis terimakasih
1,akal sehat main mengharapkan vaksin keluarga berhadapan covid orang berprinsip silakan
1,manaaaaa pneumococcal vaksin janji kannnn sembang dewan je ahli politik nak bajet run over due covid such failure sir
1,oktober pasien positif covid mencapai orang kabar beredar vaksin covid berita saksikan selamat siang wib prof soedjatmiko
1,pengembangan vaksin merah putih sinergi triple helix pemerintah perguruan industri upaya mencegah penularan covid aman nyaman masyarakat vaksin dikembangkan lbm eijkman lipi ugm ui itb unair
1,sang profesor semoga pencerahan membuka cakrawala pikiran hati pemerintah jepang gratiskan vaksin covid republika online mobile
1,sesuai arahan presiden joko widodo skema pendistribusian vaksin covid skema gratis skema mandiri berpesan khusus skema mandiri bayar dipatok harga terjangkau
1,pemberian vaksin covid menunggu persetujuan badan pengawas obat makanan kepentingan darurat vaksin teruji klinis keamanan khasiat mutunya
1,pemberian vaksin covid menunggu persetujuan badan pengawas obat makanan kepentingan darurat vaksin teruji klinis keamanan khasiat mutunya
1,pemerintah as tlh menandatangani kontrak penyediaan vaksin covid moderna uji klinisnya maju memasuki tahap pengujian ketiga menentukan merk menutupi ribu relawan harga formulasi berkis
1,upaya penelitian pengembangan vaksin penanganan covid global negara badan pengawas obat makanan bpom mengawal prosesnya berkala pemenuhan peraturan standar syarat
1,butuh who sambut kabar vaksin covid aman efektif
1,target vaksinasi november diralat logis pakar epidemiologi menyorot menteri bidang kesehatan sibuk urusi vaksin
1,target vaksinasi november diralat logis pakar epidemiologi menyorot menteri bidang kesehatan sibuk urusi vaksin
1,alhamdulillah berbahagialah vaksin covid gratis
1,bang kur vaksin covid order rendang ayam bakar pengin order frozen tinggal diangetin masak asli minang dijamin enak bumbu meresap tulang pack gr isi ptg mix dada paha kirim bandung same
1,kaget akutu hahah who peringatkan vaksin covid aman efektif butuh
1,berisik vaksin lebihbaik pemerintah beli vaksin vaksin kelompok berisik ribet kasih vaksin gratis berterimakasih bersyukur biarkan covid lenyap dngn biarkan sgl sakit sembuh serahkan allah
1,vaksin covid selesai penelitiannya bpom evaluasi produk persetujuan otorisasi penggunaan darurat emergency use authorization mudah mudahan direcoki kepentingan bisnis
1,sederhana bgaimana pasien disembuhkan vaksin vaksin diproduksi vaksin pasien covid sembuh
1,hika vaksin covid aman buktikan presiden menterinya divaksin asli vaksin
1,beredar foto penampakan vaksin masyarakat disuntik vaksin masyarakat bersedia membantu dokter membujuk pemerintah bersedia suntik vaksin setuju
1,malam sosiologi wacana pengadaan vaksin direncanakan pemerintah mengatasi pandemi covid hangat diperbincangkan
1,psi mendukung arahan presiden pengadaan distribusi vaksin covid disiapkan matang detail aspek komunikasi publiknya
1,ayo disiplin laksanakan protokol kesehatan vaksin pencegahan memutus mata rantai penyebaran covid produktif
1,pemerintah jepang selasa kemarin menyetujui ruu membayar biaya administrasi vaksin virus covid masyarakat sejalan janji perdanamenteri yoshihide suga mengamankan vaksin virus corona penduduk jepang paruh
1,presiden joko widodo jokowi harga vaksin covid dijangkau vaksin digratiskan berbayar harga terjangkau masyarakat luas akses vaksin upaya menghentikan pandemi tercapai
1,lantas pemerintah terkait vaksin covid langkah gerak cepat pengadaan vaksin kecepatan negara berlomba lomba memperolehnya
1,pastikan vaksin covid aman tim pakar ulm sarankan pejabat disuntik
1,pendaftaran membolehkan vaksin rusia tersedia dunia lebihcepat jangkaan
1,keren deklarasi kawan vaksin sumpah pemuda semoga bebas pandemi covid
1,komite penanganan covid pemulihan ekonomi nasional kpc pengin vaksin aman masyarakat
1,keamananan vaksinnya masyarakat vaksin tahap tenaga medis garda terdepan mengurusi pasien covid
1,meningkatkan cakupan vaksinasi covid masyarakat meningkatkan literasi partisipasi masyarakat terkait vaksin milenial membentuk gerakan relawan
1,meningkatkan cakupan vaksinasi covid masyarakat meningkatkan literasi partisipasi masyarakat terkait vaksin milenial membentuk gerakan relawan
1,saran jual vaksin covid mahal mahal sokur gratis peran negara hadir melindungi rakyatnya saran sih nek direken ya kebangeten
1,mendorong meningkatnya cakupan vaksinasi covid masyarakat meningkatkan literasi partisipasi masyarakat terkait vaksin komunitas organisasi pemuda sepakat membentuk koalisi relawan vaksin disingkat
1,mendorong meningkatnya cakupan vaksinasi covid masyarakat meningkatkan literasi partisipasi masyarakat terkait vaksin komunitas organisasi pemuda sepakat membentuk koalisi relawan vaksin disingkat
1,erick thohir menjamin vaksin covid sesuai standar who pikiran rakyat cirebon pikiran rakyat
1,alhamdulillah kang bangga jabar demo wisatawan vaksin obat jabar auto turun covid nya liieeeeerrr
1,dukungan positif masyarakat sukseskan percepatan program vaksin covid
1,usul satgas covid vaksin tersedia disuntikkan masyarakat tolong politisi keluarga nya dijadwalkan terimakasih cc
1,usul satgas covid vaksin tersedia disuntikkan masyarakat tolong politisi keluarga nya dijadwalkan terimakasih
1,pasien gagal ginjal kronik aman suntik vaksin covid terimakasih
1,mata gede keuntungan penelitian antivirus covid diprediksi barat negara pengekspor vaksin antivirus corona keuntungan luarbiasa hasil riset
1,upaya penanggulangan penyebaran covid pemerintah menetapkan enam sasaran penerima vaksin covid sasaran penerima vaksin juta orang simak infografis ya
1,pengembangan simbol kemajuan kemandirian bentuk tanggung pemerintah memenuhi kebutuhan masyarakat vaksin covid
1,anggap divaksin menjalankan protokol kesehatan variabel kontrol efektivitas vaksin covid
1,platform institusi mengembangkan vaksin covid lembaga eijkman sub unit protein rekombinan mamalia sub unit rekombinan yeast lipi protein recombinant fusion
1,juru bicara satuan tugas satgas penanganan covid reisa broto asmoro menjamin vaksin covid masyarakat aman
1,masyarakat bijaksana menerima berita terkait pengadaan vaksin covid diupayakan pemerintah
1,dukung positif masyarakat sukses percepatan program vaksin covid
1,urusan vaksin bergantung negeri berhasil mengembangkan jenis vaksin covid mantab
1,menaruh harapan pengembangan vaksin merah putih mempercepat masy sgera menerima vaksin pengembangan vaksin covid negeri mnunjukkan kemampuan kemandirian bangsa mengembangkan vaksin
1,tingkat optimisme masya keyakinan pemerintah mengembangkan vaksin merah putih representasi harapan masyarakat vaksin menyelesaikan pandemi covid
1,vaksin covid pemerintah unggul negara maju taunya antariksa
1,vaksin merah putih dikembangkan metode modern diharapkan efektif menangani pandemi covid
1,vaksin merah putih dikembangkan metode modern harapkan efektif menangani pandemi covid
1,pemerintah berkoordinasi tim peneliti mengawasi penelitian vaksin covid vaksin aman bermanfaat melindungi virus corona
1,mari kuatkan iman jernihkan pikiran menerapkan protokol kesehatan pencegahan pengendalian covid vaksin ditemukan
1,hi teman teman era pandemi menjaga kesehatan kebersihan selagi menunggu perkembangan vaksin pemerintah semoga terdengar kabar baiknya mencegah penyebaran virus covid disiplin
1,yuk dukung vaksin aman buatan negeri vaksin murni covid
1,kandidat vaksin negeri menangani pandemi covid menristek memprioritaskan vaksin merah putih dikembangkan metode modern diharapkan efektif
1,mari kuatkan iman jernihkan pikiran menerapkan protokol kesehatan pencegahan pengendalian covid vaksin ditemukan
1,vaksin merah putih dikembangkan metode modern diharapkan efektif menangani covid
1,vaksin merah putih dikembangkan metode modern diharapkan efektif menangani pandemi covid
1,vaksin merah putih dikembangkan teknologi modern diharapkan efektif menangani pandmei covid
1,dukung yuk vaksin aman buatan negeri vaksin murni covid
1,keamananan vaksinnya masyarakat vaksin tahap tenaga medis garda terdepan mengurusi pasien covid
1,paham covax mekanisme dirancang who menjamin ketersediaan vaksin covid dunia cepat adil setimpal
1,tanggal oktober juru bicara satuan tugas penanganan covid wiku adisasmito vaksin covid masyarakat lulus tahapan uji klinis aman efektif
1,vaksin merah putih dikembangkan metode modern diharapkan efektif menangani pandemi covid
1,penggunaan vaksin covid dipersiapkan dijamin aman lho tau aman coba ceki ceki gambar yuk lengah jaga jarak pakai masker cuci tangan
1,vaksin merah putih dikembangkan metode modern diharapkan efektif menangani covid
1,tanggal oktober juru bicara satuan tugas penanganan covid wiku adisasmito vaksin covid masyarakat lulus tahapan uji klinis aman efektif
1,vaksin merah putih vaksin murni buatan negeri strain covid perkembangan nya mencapai membanggakan pastinya karya anak bangsa kemanusian
1,komite penanganan covid pemulihan ekonomi nasional mengumumkan roadmap masterplan penerima vaksin covid
1,sehat hemat cermat
1,berpikir positif berdoa patuhi protokol kesehatan vaksin covid mari bahu membahu melawan covid
1,harapkan orang kasih gratis obat an vaksin pemerintah kasih gratis rakyat rajin bayar pajak banget anggota bpjs ditunggu kena covid rsud rsup
1,vaksin oxford pasien covid muda tua
1,vaksinasi ekonomi jokowi menekankan pelaksanaan vaksinasi covid pasalnya vaksin menyelesaikan kesehatan memulihkan perekonomian terpuruk akibat pandemi covid
1,kaji pembelian vaksin covid china berharga rm juta terbukti benarbenar selamat peruntukan pembangunan sme bantuan sme terjejas akibat pkp lanjutkan tempoh moratorium
1,gue sih setuju kepercayaan gue pemerintah mendekati pakar usulkan vaksin covid disuntikkan pejabat
1,presiden terbukti efektif aman dipakai vaksinasi
1,vaksinasi covid jajaran pemerintah diikuti rakyat rekomendasi idi vaksin aman rencana vaksinasi pemerintah terbukti clueless menangani pandemi me
1,desember vaksin covid aman efektif
1,pelaksanaannya vaksinasi didistribusikan skema skema gratis mandiri keamanan vaksin kaidah kaidah ilmu pengetahuan data sains standar standar kesehatan
1,pelaksanaannya vaksinasi didistribusikan skema skema gratis mandiri keamanan vaksin kaidah kaidah ilmu pengetahuan data sains standar standar kesehatan
1,idealnya pemerintah merespons masukan papdi masyarakat memahami pemerintah terkait tahapan kelayakan vaksin covid
1,presiden jokowi vaksin covid tergesa pastikan aman efektif
1,covid durung mari sono omnibus mariku wajib vaksin tbtb pembangunan pulau komodo ajee keren banget sih pemerintahanku cepat tanggap
1,langkah konkret mencegah penyebaran covid pemerintah berkoordinasi tim peneliti mengawasi penelitiasn vaksin covid vaksin aman bermanfaat melindungi virus corona cont
1,penyintas covid part vaksin terbaik kebahagiaan sutrisno via
1,btw dibaca isi berita vaksin covid coba dibaca deh
1,pakar vaksin covid kepastian desember tersedia luas
1,coba hubungi chief tegnel swedia beliau sukses membebaskan rakyat penduduk swedia belenggu covid swedia hidup merdeka kehidupan nya pandemi covid biaya vaksin teri
1,negara swedia sukses memerdekakan rakyat nya covid biaya vaksin coba negara tanzania swedia perihal bebas pandemi covid
1,langkah mudah mudahan umat muslim tenang
1,presiden tegaskan vaksin covid aman efektif
1,keamananan vaksinnya masyarakat vaksin tahap tenaga medis garda terdepan mengurusi pasien covid
1,pemerintah berkoordinasi tim peneliti mengawasi penelitian vaksin covid vaksin aman bermanfaat melindungi virus corona
1,vaksin covid perhatikan persiapan matang teruji kagak tergesa berdasarken data uji klinis fase iii evaluasi bpom bilamana sosialisasiken tujuan manfaat resiko ya skaar walo entar divaksin prokotol al wajib
1,lakukan vaksin covid sukses uji disetujui lolos disetujui menjamin masuk syurga divaksin lolos uji sertufikasi
1,pemerintah berkoordinasi tim peneliti mengawasi penelitian vaksin covid vaksin aman bermanfaat melindungi virus corona
1,setuju vaksin terbatas bertahap garda terdepan melawan covid diprioritaskan pekerja rs dokter
1,pemerintah berkoordinasi tim peneliti mengawasi penelitian vaksin covid vaksin aman bermanfaat melindungi virus corona
1,pemerintah berkoordinasi tim penelitian mengawasi penelitian vaksin covid vaksin aman bermanfaat melindungi virus corona
1,pemerintah berkoordinasi tim peneliti mengawasi penelitian vaksin covid vaksin aman bermanfaat melindungi virus corona
1,vaksin covid vaksin aman bermanfaat melindungi virus
1,penasihat ahli imunisasi nasional mendukung rencana pemerintah menghadirkan vaksin covid
1,pemerintah berkoordinasi tim peneliti mengawasi penelitian vaksin covid vaksin aman bermanfaat melindungi virus corona
1,pemerintah menyediakan vaksin covid aman efektif
1,depok kota penerima vaksin covid kemarin dengar gereja lihat rcti gubernur jawa barat mengomong
1,salam maaf alert isu nk hukum terima tawaran menjalani ujian vaksin covid statusnya terkorban
1,tanzania bebas covid vaksin doa wuhan bebas covid vaksin
1,rela uji coba vaksin covid buzzerrp setuju tidaaak
1,vaksin covid tersedia usia anak anak lansia cari menikmati rangkuman berita terhangat
1,canda guys semangat vaksin covid lolos uji klinisi tahap akhir diproduksi dikonsumsi masyarakat luas
1,gencatan kuasa malaysia bebas covid vaksin temui when things re control pru action speak louder tahan words abang mat setakat tweet twitter biar rakyat jelata pos
1,terkait diadakannya vaksin covid setuju mendukung vaksin covid manfaat semoga cepat terealisasi semoga wabah corona
1,cepat cepat vaksin corona berita bermanfaat
1,cepat cepat vaksin corona berita bermanfaat
1,cepat cepat vaksin corona berita bermanfaat
1,setuju sih tergesagesa vaksin bertujuan pengobatan preventif menambah semoga terbaik negeri tercinta
1,kak silakan lihat barangkali cocok vaksin nya gratis ongkos kirim tahap promosi
1,peluang ketidakpastian pengembangan vaksin corona ahli negara berupaya mengembangkan vaksin aman efektif
1,menterinya akses vaksin corona masyarakat terjamin memiliki wilayah luas distribusi vaksin mudah
1,libatkan tokoh agama ilmuwan edukasi vaksin corona vaksin bicara edukasinya blak blakan mesti terbuka mesti tokoh tokoh beragam basis komunitasnya terwakili
1,aman tester pejabat dipemerintahan tau kpstian myakinkan aman aman min kemenhub bolong ditambalin hadeuhhh ngrus vaksin corona
1,setuju dek extra hatihati warga menunggu deklarasi who idi kelayakan absyahan vaksin corona matur suwun
1,suntikan luarnya tertulis vaksin corona isinya vitamin sih sehat sehat gilirannya rakyat vaksin corona persetujuan who bpom idi
1,menteri riset teknologi menristek kepala badan riset inovasi nasional brin bambang pas brodjonegoro vaksin covid dikembangkan negeri terjamin aman kriteria utama vaksin
1,program karya anak bangsa ketua pelaksana komite penanganan covid pemulihan ekonomi nasional kpcpen melaporkan perkembangan vaksin halal wakil presiden ruf amin
1,presiden joko widodo kepercayaan dukungan penuh pengembangan pembuatan vaksin merah putih menambah kepercayaan memiliki vaksin covid
1,keren nih vaksin sediri murni karya anak bangsa loh strain covid
1,keren nih vaksin sediri murni karya anak bangsa strain covid
1,keren banget nih vaksin sediri murni karya anak bangsa strain covid
1,keren nih vaksin sediri loh murni karya anak bangsa strain covid
1,keren nih vaksin sediri murni karya anak bangsa strain covid
1,optimis mengatasi covid gerakan koalisi relawan vaksin dibentuk provinsi menjangkau wilayah terdampak covid liburan sehat patuh prokes
1,provinsi prioritas penerima vaksin covid prioritas kelompok penerima vaksin pemerintah memprioritaskan pemberian vaksin provinsi masuk kategori zona merah bersatu kalahkan kovid
1,genetika bangsa khas vaksin covid khas cocok benarbenar aman kesehatan dampaknya jangka anggota dpr
1,menteri bumn erick thohir mengajak masyarakat generasi muda melonggarkan disiplin protokol kesehatan covid kendati vaksin covid hadir bersatu kalahkan kovid
1,optimis vaksin mengatasi covid liburan sehat patuh prokes
1,pemerintahan dibawah kepemimpinan presiden mengupayakan mengatasi pandemi pemberian bantuan ketersediaan vaksin covid optimis pandemi abai prokes kovid
1,bersatu kalahkan kovid hiruk pikuk covid reda optimis vaksin hadir harapan menghadapi mengatasi nya vaksin tenang bersemangat menghadapinya
1,terkait diadakannya vaksin covid setuju mendukung vaksin covid manfaat semoga cepat terealisasi semoga wabah corona
1,warga kota depok penerima vaksin covid kesiapan tenaga medis fasilitas vaksin covid pemprov jawa barat menggelar simulasi vaksinasi covid puskesmas tapos depok jawa barat cen
1,golongan penerima vaksin november pemerintah mendistribusikan vaksin covid masyarakat komite penanganan covid pemulihan ekonomi nasional menetapkan kelompok masyarakat prioritas penerima vaksin
1,vaksin salah bentuk intervensi medis memperkuat imunitas masyarakat pandemi terpenting pandemi protokol kesehatan prokes hidup aman
1,masker kain bermanfaat tekan risiko penularan covid manfaat nya kian meningkat orang pakai masker tidakperlu pakai masker mahal nakes masker vaksin terbaik aman efektif ayo pakai masker kemana pergi
1,jadikan semangat jiwa rakyat statmen positif vaksin diedarkan motivasi semangat jiwa manusia menjadikan imun tubuh kuat mengalahkan covid dampak covid presiden rudy mentawai
1,pemimpin dunia disegani pemuja kesulitan prioritas negara memproduksi vaksin covid aman mujarab ayo buktikan produk bagus gratis rakyat
1,pemerintah lembaga kementrian lainya bekerjakeras memproduksi vaksin covid utama disiplin terapkan protokol kesehatan melindungi ya pakai masker rajin cuci tangan pakai
1,langkah pencegahan vaksin terbaik keluarga usaha meghindari jangkitan covid berlapang dadalah mematuhi sop kekal duduk rumah mencegah lebihbaik mengubati
1,vaksin merah putih vaksin murni buatan negeri abai prokes kovid optimis mengatasi covid
1,vaksin covid gratis maaf niatnya kebaikan masyarakat ya langsung umumkan digratiskan negara masyarakat manfaatnya twit pakai iklan fyi
1,komitmen pengadaan ratusan juta unit vaksin covid kerja negara pemerintah memenuhi kebutuhan vaksin covid cepat
1,rajin belajar sukses lewatin ujian nilai bagus sehat vaksin covid semoga teruji mendapati album idol ruangguru
1,health detik com pakar vaksin covid kepastian desember tersedia luas pakar penyakit menular menyebut keamanan efektivitas vaksin covid kepastian desember vaksinasi luas
1,eh terburu buru sih noh kemarin terburu buru vaksin covid diburu teruji klinis beloom dikasih janji manis aman tuh au ah binguung
1,optimis vaksin mengatasi covid liburan sehat patuh prokes
1,optimis vaksin mengatasi covid liburan sehat patuh prokes
1,presiden as donald trump pemimpin industri farmasi pejabat kesehatan masyarakat vaksin mencegah covid tersedia pemilihan presiden november tanggal konsisten diundur
1,menteri riset teknologi menristek kepala badan riset inovasi nasional brin bambang pas brodjonegoro vaksin covid dikembangkan negeri terjamin aman kriteria utama vaksin
1,pemerintah mengerahkan daya upaya melindungi rakyat menyediakan vaksin covid aman efektif mencegah penularannya tahapan pengembangan vaksin covid saksikan selamat siang wib
1,idealnya sih menteri bertanggungjawab vaksin jajaran satgas covid divaksin tenaga medis relawan garda terdepan habis rakyat
1,layanan shore ship produk semen dynamix masonry underpass khusus gajah uji coba prototype bus listrik produk mie sagu website memudahkan masyarakat menerima bantuan bupm pemerintah suntikan perdana vaksin covid sinovac
1,korea kali nk once covid deh berjaya diatasi fully focus kat tour xde berjalan kat niat nk contest hadiah free ground package seoul semoga vaksin ubati covid berjaya dicipta amin
1,pahlawan tim medis rumah sakit merawat pasien covid pahlawan menguji vaksin covid orang piknik pahlawan bang denny oh bang denny
1,pandemi covid mewabah dunia mari berdoa semoga keselamatan kemudahan kesehatan lindungan allah swt vaksin tersedia pandemi amin yarabbal alamin
1,poin persyaratan penilaian vaksin covid who syarat izin badan kesehatan dunia vaksin riset aman efektif okeh manusia
1,menteri keuangan menkeu sri mulyani indrawati pengadaan pelaksanaan vaksin covid aman efektif sesuai arahan presiden joko widodo
1,masker orang sehat pcr tes vaksin stop covid hilang mohon didengar orang awam orang awam berpikir logika terimakasih salam hormat
1,maaf ideal vaksin gratis masyarakat masyarakat bayar pajak bpjs covid pandemics dunia jokowi harga vaksin covid terjangkau masyarakat
1,contoh pemimpin rela mempertaruhkan rakyatnya relawan uji vaksin covid salam hormat gub
1,layanan shore ship produk semen dynamix masonry underpass khusus gajah uji coba prototype bus listrik produk mie sagu website memudahkan masyarakat menerima bantuan bupm pemerintah suntikan perdana vaksin covid sinovac
1,kemampuan memproduksi vaksin covid diakui perdana mentri jepang pm jepang uu cipta kerjamnjd modal menarik investasi
1,halo sobat bumn informasi berkembang vaksin covid aman vaksin diproduksi aman uji klinis vaksin
1,staf ahli menteri kesehatan bidang teknologi kesehatan globalisasi achmad yurianto pengiriman vaksin sinovac november
1,memperkuat akurasi vaksin mengirim whole genome sequencing wgs pasien positif covid gisaid
1,kuncinya pemerintah benarbenar fokus menyelesaikan secepatnya persebaran covid perkara mudah mempercepat pengadaan vaksin distribusinya sasaran
1,deh divaksin rakyat rakyat pribadi menghormati pemimpin negara menganjurkan duluan vaksin contoh rakyat kebal
1,baiklah aman vaksin covid maaf usul suntik vaksin covid mohon utamakan presiden wakil menteri jajarannya anggota dpr pejabat hasilnya bagus masyarakat
1,sih brantas bruntus opo bentuk info sesuai dianggap xaoh ya kali nya adakah jaminan ng warga vaksin bebas covid lansia sd
1,gerak cepat penuh perencanaan matang persiapan matang
1,semoga aman semoga vaksin bebas covid pulih sediakala
1,vaksin covid diprioritaskan sumatera utara sulawesi utara bali papua halal entar halal pulau jawa
1,pemerintah berupaya semaksimal penemuan vaksin covid masyarakat tenang produktif patuhi protokol kesehatan
1,bill gates henti mengamati perkembangan vaksin corona dipercaya mengendalikan pandemi terbaru memprediksi vaksin corona tersedia perusahaan kandidat terbaik
1,ribuan orang disuntik vaksin corona terjamin aman disuntik vaksin corona china terjamin aman lebihbaik lambat selamat
1,membuktikan vaksin corona aman bekhasiat mohon duluh vaksin manjur persetujuan who rakyat vaksin
1,berupaya mewujudkan komitmen terkait penyediaan vaksin corona berupaya memiliki vaksin aman kesehatan efektif
1,berupaya mewujudkan komitmen terkait penyediaan vaksin corona berupaya memiliki vaksin aman kesehatan efektif sih
1,berupaya mewujudkan komitmen terkait penyediaan vaksin corona berupaya memiliki vaksin aman kesehatan efektif
1,berupaya mewujudkan komitmen terkait penyediaan vaksin corona berupaya memiliki vaksin aman kesehatan efektif
1,hebatnya beli vaksin sinovac perhitungan beli usd dosis turun usd dosis hebat gub sao paolo beli usd dokter bagus pedagang bagus dokter dagangkan ilmu bagus menteri
1,keren nih vaksin sediri murni karya anak bangsa strain covid cocok orang
1,optimis mengatasi covid vaksin merah putih vaksin murni buatan negeri strain covid liburan sehat patuh prokes
1,setuju kehati hatian menentukan vaksin covid aman sehat
1,vaksinasi covid berhasil bebas pandemi ekonomi bangkit vaksinasi efektif aman vaksin disuntikkan masyarakat melewati tahap uji klinis diperdebatkan
1,vaksinasi covid berhasil bebas pandemi ekonomi bangkit vaksinasi efektif aman vaksin disuntikkan masyarakat melewati tahap uji klinis diperdebatkan
1,vaksinasi covid berhasil bebas pandemi ekonomi bangkit vaksinasi efektif aman vaksin disuntikkan masyarakat melewati tahap uji klinis diperdebatkan
1,vaksinasi covid berhasil bebas pandemi ekonomi bangkit vaksinasi efektif aman vaksin disuntikkan masyarakat melewati tahap uji klinis diperdebatkan
1,vaksinasi covid berhasil bebas pandemi ekonomi bangkit vaksinasi efektif aman vaksin disuntikkan masyarakat melewati tahap uji klinis diperdebatkan
1,vaksinasi covid berhasil bebas pandemi ekonomi bangkit vaksinasi efektif aman vaksin disuntikkan masyarakat melewati tahap uji klinis diperdebatkan
1,vaksinasi covid berhasil bebas pandemi ekonomi bangkit vaksinasi efektif aman vaksin disuntikkan masyarakat melewati tahap uji klinis diperdebatkan
1,pandemi covid beliau berhasil memimpin taktis shg contoh negara dunia strategis beliau tangan terbuka bantu negara adi daya china vaksin tahap menggembirakan krnnya be
1,setuju vaksin nya gratis murah biaya vaksin lebihmurah dibanding biaya perawatan penyembuhan pasien covid dimna ditanggung pemerintah
1,wib pengadaan vaksin covid jokowi gerak cepat penuh perencanaan matang readmore pengadaan vaksin covid jokowi gerak cepat penuh perencanaan matang
1,kementerian kesehatan jepang menyelesaikan perjanjian moderna inc amerika serikat penyediaan vaksin melawan covid perusahaan berhasil mengembangkan vaksin moderna perusahaan ketiga teken kontrak pasokan vaksin covid jepang
1,kementerian bumn menjamin program vaksinasi covid memenuhi standar keamanan kesehatan prosedur vaksin dunia dijajaki kementerian bumn masukan kalangan ahli
1,gubernur banten terobosan kebijakan vaksin covid bagus sesuai tujuan nasional melindungi masyarakat pemberian program vaksinasi gratis masyarakat bersedia vaksin tidakada denda juta
1,pekerjaan mui vaksin covid sertifikasi halal layak kelangsunganhidup manusia setor mui sertifikasi halal
1,diprioritaskan pemerintah vaksin aman ya tenaga kesehatan nya lingkungan kesehatan ya garda terdepan penanganan covid ya wajar prioritaskan
1,vaksin merah putih karya ahli dikembangkan metode modern diharapkan efektif menangani pandemi covid
1,vaksin merah putih karya ahli dikembangkan metode modern diharapkan efektif menangani pandemi covid
1,kementerian bumn menjamin program vaksinasi covid memenuhi standar keamanan kesehatan prosedur vaksin dunia dijajaki kementerian bumn masukan kalangan ahli
1,gue pandemi covid pelan benjol hidup gue bersyukur sehat cakepppp hot detik gue tuntunan tuhan kerjain taat protokol nya menunggu berkat vaksin setianya tuhan
1,kesenangan diberitakan golongan darah mudah ditulari virus corona uji klinis sesuai identitas ktp tanda golongan darah direkomendasi sesuai dosis penggunaan vaksin keadilan dibutuhkan
1,rencana pembagian vaksin corona gratis daerahku kerjasama ya bantuan peserta penerima bantuan iuran bpjs alhamdulillah
1,jenis bantuan warga emas pkp dipanjangkan pastinya bertambah vaksin covid berjaya hasilkan jenis bantuan warga emas
1,khofifah pandemi kewaspadaan ditingkatkan protokol kesehatan ditegakkan sembari menunggu vaksin efektif covid khofifah gubernur jatim
1,pandemi kewaspadaan ditingkatkan protokol kesehatan ditegakkan sembari menunggu vaksin efektif covid khofifah khofifah gubernur jatim
1,khofifah pandemi kewaspadaan ditingkatkan protokol kesehatan ditegakkan sembari menunggu vaksin efektif covid khofifah gubernur jatim
1,pandemi kewaspadaan ditingkatkan protokol kesehatan ditegakkan sembari menunggu vaksin efektif covid khofifah khofifah gubernur jatim
1,sih layak jawasentris pembangunan infrastruktur terpusat pulau jawa vaksin jawa jawa pengin sehat hehe
1,alhamdulillah kabar gembira rakyat vaksin covid tersedia menyambutnya suka cita bangga hindari kerumunan patuhi protokol kesehatan mencegah lebihbaik mengobati obl ciptakan lowker
1,melanjutkan kewaspadaan ditingkatkan protokol kesehatan ditegakkan sembari menunggu vaksin efektif covid gubernur jawa timur
1,melanjutkan kewaspadaan ditingkatkan protokol kesehatan ditegakkan sembari menunggu vaksin efektif covid gubernur jawa timur
1,kewaspadaan kdu ditingkatkan protokol kesehatan kdu ditegakkan sembari menunggu vaksin efektif covid khofifah gubernur jawa timur
1,kewaspadaan kudu ditingkatkan protokol kesehatan kudu trz ditegakkan sembari menunggu vaksin efektif ntuk covid khofifah gubernur jawa timur
1,kewaspadaan ditingkatkan protokol kesehatan ditegakkan sembari menunggu vaksin efektif covid khofifah gubernur jawa timur